Variable Name/Key,🟡 DC English Current,🟡 DC Español Current,🟡 DC Amharic Current
S1 - Landing Page - Title,Get a one-time payment of $120 in summer food benefits for your student,Recibe un pago único de $120 en beneficios de alimentos durante el verano para tu estudiante.,ለተማሪዎ የበጋ የምግብ ጥቅማጥቅሞች የ$120 የአንድ ጊዜ ክፍያ ያግኙ
S1 - Landing Page - Body,"Each eligible student can receive a *one-time payment of $120*. Families may use the benefit to pay for groceries during the summer months. 

Most eligible families are automatically enrolled, and some need to submit an application. We can recommend whether you should apply for your student. Tap ""Do I need to apply?"" and enter their information.","Cada estudiante elegible puede recibir un *pago único de $120*. Este dinero se puede usar para comprar alimentos durante los meses de verano. 

Algunas familias elegibles son inscritas automátocamente y otras tienen que aplicar. Podemos recomendarte si necesitas aplicar. Toqua “¿Necesito aplicar?” e ingresa la información de tu estudiante.  ","እያንዳንዱ ብቁ ተማሪ *የ$120 የአንድ ጊዜ ክፍያ* ማግኘት ይችላል። ቤተሰቦች በበጋ ወራት የግሮሰሪ ክፍያ ለመክፈል ጥቅሙን ሊጠቀሙበት ይችላሉ።

አብዛኛዎቹ ብቁ ቤተሰቦች በራስ-ሰር ይመዘገባሉ፣ እና አንዳንዶቹ ማመልከቻ ማስገባት አለባቸው። ለተማሪዎ ማመልከት እንዳለብዎት ልንመክርዎ እንችላለን። ""ማመልከት አለብኝ?"" የሚለውን ጠቅ ያድርጉ እና መረጃቸውን ያስገቡ።"
S1 - Landing Page - Action,Do I need to apply?,¿Necesito aplicar?,ማመልከት አለብኝ
S1 - Landing Page - Action Español,¿Necesito aplicar?,Do I need to apply?,¿Necesito aplicar?
S1 - Landing Page - Action Amharic,ማመልከት አለብኝ,ማመልከት አለብኝ,Do I need to apply?
S1 - Landing Page - Action Subtext,!N/A!,!N/A!,!N/A!
S1 - Landing Page - Accordion Title,!N/A!,!N/A!,!N/A!
S1 - Landing Page - Body 2,Most students ages 5–18 will **be automatically enrolled** if any of these are true:,La mayoría de los estudiantes de 5 a 18 años **se inscribirán automáticamente** si se cumple alguna de estas condiciones:,ከ5-18 ዓመት ዕድሜ ያላቸው አብዛኛዎቹ ተማሪዎች **ከእነዚህ ውስጥ አንዳቸውም እውነት ከሆኑ** በራስ-ሰር ይመዘገባሉ፦
S1 - Landing Page - Body 3,"They get SNAP or TANF benefits,
They are approved for free or reduced-price school meals,
Are in foster care or experiencing homelessness","Reciben beneficios de SNAP o TANF,
tienen aprobación para comidas escolares gratuitas o a precio reducido,
están en un hogar de acogida o son personas sin hogar.","የSNAP ወይም የTANF ጥቅማ ጥቅሞችን ያገኛሉ፣
ለነፃ ወይም ለዝቅተኛ ዋጋ የትምህርት ቤት ምግቦች የተፈቀደላቸው ናቸው፣
በማደጎ እንክብካቤ ውስጥ ወይም ቤት አልባ ናቸው"
S1 - Landing Page - Body 4,"Families of automatically enrolled students will get a notice by mail or email.

You will need to **submit an application** if your student does **not meet the criteria above, and**","Las familias de los estudiantes inscritos automáticamente recibirán un aviso por correo postal o correo electrónico.

**Necesitarás aplicar** si tu estudiante *no* cumple con los criterios anteriores **y**","በራስ-ሰር የተመዘገቡ ተማሪዎች ቤተሰቦች በፖስታ ወይም በኢሜል ማሳወቂያ ይደርሳቸዋል።

ተማሪዎ **ከላይ ያሉትን መስፈርቶች የማያሟላ ከሆነ **ማመልከቻ ማስገባት** ይኖርብዎታል፣ እና**"
S1 - Landing Page - Body 5,"They attended a school that offers the National School Breakfast or Lunch Program (NSLP) during the 2025-2026 school year, **and**
Everyone in their household combined earns less than 185% of the federal poverty guideline.","Asistieron a una escuela que ofrece el Programa Nacional de Desayunos o Almuerzos Escolares (NSLP) durante el año escolar 2025–2026, **y**

todas las personas de su hogar, sumadas, ganan menos del 185% de las pautas federales de pobreza.","በ2025-2026 የትምህርት ዘመን ብሔራዊ የትምህርት ቤት ቁርስ ወይም ምሳ ፕሮግራም (NSLP) የሚያቀርብ ትምህርት ቤት ተምረዋል፣ **እና**
በቤተሰባቸው ውስጥ ያለ እያንዳንዱ ሰው በአጠቃላይ ከፌዴራል የድህነት መመሪያ 185% ያነሰ ገቢ ያገኛል።"
S1 - Landing Page - Body 6,"Tap ""Do I need to apply?"" to see if you should apply for your student.",Toca “¿Necesito aplicar?” para ver si deberías aplicar para tu estudiante.,"ለተማሪዎ ማመልከት እንዳለብዎት ለማየት ""ማመልከት አለብኝ?"" የሚለውን ይጫኑ።"
S1 - Disclaimer - Title,What to know before we begin,Lo que debes saber antes de comenzar,ከመጀመራችን በፊት ማወቅ ያለብን ነገር
S1 - Disclaimer - Body 1,This is not an application for DC SUN Bucks.,Esto NO es una aplicación para DC SUN Bucks,ይህ ለ DC SUN Bucks የቀረበ ማመልከቻ አይደለም።
S1 - Disclaimer - Body 2,This tool will help you learn if you need to apply to DC SUN Bucks for your students.,Esta herramienta te ayudará a saber si necesitas aplicar a DC SUN Bucks para tus estudiantes.,ይህ መሳሪያ ለተማሪዎችዎ በDC SUN Bucks ማመልከት ከፈለጉ ለማወቅ ይረዳዎታል።
S1 - Disclaimer - Body 3,The information you provide will be kept private and secure.,La información que nos proporciones se mantendrá privada y segura.,የሚሰጡት መረጃ ሚስጥራዊ እና ደህንነቱ የተጠበቀ ይሆናል።
S1 - Disclaimer - Body 4,Using this tool will not affect your potential DC SUN Bucks benefits or other benefits you get.,Usar esta herramienta no afectará tus posibles beneficios de DC SUN Bucks ni otros beneficios que recibes.,ይህንን መሳሪያ መጠቀም የDC SUN Bucks ጥቅማ ጥቅሞችዎን ወይም የሚያገኟቸውን ሌሎች ጥቅማ ጥቅሞች ላይ ተጽዕኖ አያሳድርም።
S1 - Personal Information - Title,Check if your student needs to apply for DC SUN Bucks,Comprueba si tu estudiante necesita aplicar para recibir los beneficios de DC SUN Bucks,ተማሪዎ ለDC SUN Bucks ማመልከት ይኖርበት እንደሆነ ያረጋግጡ።
S1 - Personal Information - Body,Please provide your student's information in the required fields below. This tool will check if they're automatically enrolled to receive benefits.,Proporciona la información de tu estudiante en los campos obligatorios a continuación. Esta herramienta comprobará si tu estudiante queda inscrito de forma automática para recibir beneficios.,እባክዎን የተማሪዎን መረጃ ከታች ባሉት አስፈላጊ መስኮች ያቅርቡ። ይህ መሳሪያ ጥቅማ ጥቅሞችን ለመቀበል በራስ-ሰር የተመዘገቡ መሆናቸውን ያረጋግጣል።
S1 - Personal Information - Label Birthdate,Student’s birthdate,Fecha de nacimiento del estudiante,የተማሪው የልደት ቀን
S1 - Personal Information - Label Month,Month,Mes,ወር
S1 - Personal Information - Label Day,Day,Día,ቀን
S1 - Personal Information - Label Year,Year,Año,አመት
S1 - Confirm Personal Information - Title,Here's the information we have so far,Aquí está la información que tenemos hasta ahora.,እስካሁን ያገኘነው መረጃ ይኸውና
S1 - Confirm Personal Information - Body,"Review your student's information below. You may add another student to see if they need to apply, too. Tap ""Submit"" if you've finished adding students.",,"የተማሪዎን መረጃ ከዚህ በታች ይገምግሙ። ማመልከት ያስፈልጋቸው እንደሆነ ለማየት ሌላ ተማሪ ማከል ይችላሉ። ተማሪዎችን ማከል ከጨረሱ ""አስገባ"" የሚለውን ይጫኑ።"
S1 - Confirm Personal Information - Table Name Heading,Name,Nombre,ስም
S1 - Confirm Personal Information - Table Name Value,[First name] [M.] [Last name],[Nombre] [Inicial del segundo nombre] [Apellido],[የመጀመሪያ ስም] [ኤም.] [የአያት ስም]
S1 - Confirm Personal Information - Table Birthdate Heading,Birthdate,Fecha de nacimiento,የትውልድ ቀን
S1 - Confirm Personal Information - Table Birthdate Value,"[Month], [Day] [Year]",[día] de [mes] de [año],[ወር]፣ [ቀን] [ዓመት]
S1 - Confirm Personal Information - Table Action,Update this student's information,,የዚህን ተማሪ መረጃ አዘምን
S1 - Confirm Personal Information - Action Add,Add another student,,ሌላ ተማሪ ያክሉ
S1 - Optional ID Information - Title,We checked our records and need more information to see if this student can get DC SUN Bucks,Revisamos nuestros registros y necesitamos más información para ver si este estudiante puede recibir DC SUN Bucks,መዝገቦቻችንን አጣርተናል እና ይህ ተማሪ DC SUN Bucks ማግኘት ይችል እንደሆነ ለማየት ተጨማሪ መረጃ እንፈልጋለን።
S1 - Optional ID Information - Body,"We suggest providing any of the student's Student ID, SNAP, or TANF numbers if you have them. We can give you a better answer about whether they are pre-approved.","Sugerimos que proporciones el número de identificación estudiantil, número de SNAP, o TANF del estudiante, si los tienes. Así podemos darte una mejor respuesta sobre si ya está preaprobado(a).",የተማሪውን የተማሪ መታወቂያ፣ የSNAP ወይም የTANF ቁጥሮች ካሉዎት እንዲያቀርቡ እንመክራለን። አስቀድመው ተቀባይነት አግኝተዋል ወይ የሚለውን በተመለከተ የተሻለ መልስ ልንሰጥዎ እንችላለን።
S1 - Optional ID Information - Label Which ID,Which ID number can you provide? *,¿Qué número de identificación puedes proporcionar? *,የትኛውን የመታወቂያ ቁጥር መስጠት ይችላሉ? *
S1 - Optional ID Information - Option Child ID,Unique Student ID,Identificación de estudiante única,ልዩ የተማሪ መታወቂያ
S1 - Optional ID Information - Option Helper Child ID,This number is the Universal Student ID Number for your student.,Este es el número de identificación universal de estudiante de tu(s) estudiante(s).,ይህ ቁጥር የተማሪዎ ሁለንተናዊ የተማሪ መታወቂያ ቁጥር ነው።
S1 - Optional ID Information - Option Medicaid ID,!N/A!,!N/A!,!N/A!
S1 - Optional ID Information - Option Helper Medicaid ID,!N/A!,!N/A!,!N/A!
S1 - Optional ID Information - Option SNAP Case Number,SNAP case number,Número de caso de SNAP,የSNAP የጉዳይ ቁጥር፦
S1 - Optional ID Information - Option Helper SNAP Case Number,This number can be found on your student's SNAP program notices and is typically 7 or 8 digits long.,Este número se puede encontrar en los avisos del programa SNAP de tu estudiante y suele tener 7 u 8 dígitos.,ይህ ቁጥር በተማሪዎ የSNAP ፕሮግራም ማስታወቂያዎች ላይ የሚገኝ ሲሆን በተለምዶ 7 ወይም 8 አሃዞች አሉት።
S1 - Optional ID Information - Option TANF ID,TANF identification number,Número de identificación de TANF,የTANF መታወቂያ ቁጥር
S1 - Optional ID Information - Option Helper TANF ID,This number can be found on your student's TANF program notices and is typically 7 or 8 digits long.,Este número se puede encontrar en los avisos del programa TANF de tu estudiante y suele tener 7 u 8 dígitos.,ይህ ቁጥር በተማሪዎ የTANF ፕሮግራም ማስታወቂያዎች ላይ የሚገኝ ሲሆን በተለምዶ 7 ወይም 8 አሃዞች አሉት።
S1 - Optional ID Information - Label Enter Child ID,Enter their Unique Student ID,Ingresa su ID de estudiante único,ልዩ የተማሪ መታወቂያቸውን( መለያ)ያስገቡ
S1 - Optional ID Information - Label Enter Medicaid ID,!N/A!,!N/A!,!N/A!
S1 - Optional ID Information - Label Enter SNAP Case Number,Enter their SNAP case number,Ingresa su número de caso SNAP,የSNAP የጉዳይ(Case) ቁጥራቸውን ያስገቡ
S1 - Optional ID Information - Label Enter TANF ID,Enter their TANF identification number,Ingresa su número de identificación TANF,የTANF መለያ ቁጥራቸውን ያስገቡ
S1 - Optional ID Information - Alert Action Log Into Portal,!N/A!,!N/A!,!N/A!
S1 - Result - Title,!N/A!,!N/A!,!N/A!
S1 - Result - Apply for SEBT - Title,We recommend that you fill out an application for this student,"Para ayudarnos a decidir, te recomendamos que completes una solicitud para este estudiante",ለዚህ ተማሪ ማመልከቻ እንዲሞሉ እንመክራለን
S1 - Result - Apply for SEBT - Body,"Students may not be automatically enrolled because we do not have enough information to confirm their eligibility. But, they may still be eligible.","A veces los estudiantes no se inscriben automáticamente porque no tenemos toda la información necesaria para ver si pueden participar. Sin embargo, igual podrían calificar.",ተማሪዎች ብቁ መሆናቸውን ለማረጋገጥ የሚያስችል በቂ መረጃ ስለሌለን በራስ-ሰር ላይመዘገቡ ይችላሉ። ግን፣ አሁንም ብቁ ሊሆኑ ይችላሉ።
S1 - Result - Apply for SEBT - Body 1,We recommend that you fill out an application for these students,!N/A!,
S1 - Result - Apply for SEBT - Action Apply,Continue your DC SUN Bucks application for students who aren't enrolled.,!N/A!,
S1 - Result - Apply for SEBT - Body 2,"Students may not be automatically enrolled because we don't have enough information to determine their eligibility. If not, parents or guardians can apply to see if they qualify.",!N/A!,
S1 - Result - Apply for SEBT - Body 3,"To get summer 2026 food benefits, you must apply by August 25, 2026. Applying for DC SUN Bucks usually takes 10 minutes or less.",!N/A!,
S1 - Result - Apply for SEBT - Body 4,"After you apply, you will be contacted by mail once your application is reviewed.",!N/A!,
S1 - Result - Apply for SEBT - Accordion Title,How do I know if they're eligible?,¿Cómo sé si pueden calificar?,ብቁ መሆናቸውን እንዴት አውቃለሁ?
S1 - Result - Apply for SEBT - Accordion Body 1,You should apply if your student attends a school that participates in the National School Lunch Program (NSLP) or School Breakfast Program (SBP).,"Si tu estudiante va a una escuela que participa en el Programa Nacional de Almuerzos Escolares (NSLP) o el Progama de Desayunos Escolares (SBP), deberías aplicar.",ተማሪዎ በብሔራዊ የትምህርት ቤት ምሳ ፕሮግራም (NSLP) ወይም በትምህርት ቤት የቁርስ ፕሮግራም (SBP) ውስጥ የሚሳተፍ ትምህርት ቤት የሚማር ከሆነ ማመልከት አለብዎት።
S1 - Result - Apply for SEBT - Accordion Body 2,Tap here to fill out an application.,Toca tu pantalla aquí para llenar una solicitud,ማመልከቻ ለመሙላት እዚህ ላይ መታ ያድርጉ።
S1 - Result - Apply for SEBT - Accordion Body 3,You may also use the dropdown below to check how much money your household can make in a year to be eligible.,Puedes usar este menú para ver cuánto dinero puede ganar tu familia en un año para calificar,እንዲሁም ቤተሰብዎ ብቁ ለመሆን በአንድ ዓመት ውስጥ ምን ያህል ገንዘብ ማግኘት እንደሚችል ለማጣራት ከታች ያለውን ተቆልቋይ ዝርዝር መጠቀም ይችላሉ።
S1 - Result - Apply for SEBT - Accordion Label Select Number People,Select the number of people in your household,Selecciona el número de personas que viven en tu hogar,በቤተሰብዎ ውስጥ ያሉትን የሰዎች ብዛት ይምረጡ
S1 - Result - Apply for SEBT - Accordion Body Alert Income,"If your household's total gross income is less than [$28,953] every year, you are likely to be eligible. Gross income is the amount before any deductions, taxes, or expenses are taken out.","Si el ingreso total de tu hogar es menos de $28,953 cada año, es probable que califiques. El ingreso total es la cantidad antes de que se hagan deducciones, impuestos o gastos.","የቤተሰብዎ ጠቅላላ ገቢ በየዓመቱ ከ[$28,953] ያነሰ ከሆነ፣ ብቁ የመሆን ዕድልዎ ከፍተኛ ነው። ጠቅላላ ገቢ ማለት ማንኛውም ቅናሽ፣ ግብር ወይም ወጪ ከመቆረጡ በፊት ያለው መጠን ነው።"
S1 - Result - Apply for SEBT - Card 1 Title,"To receive benefits for this summer, you must apply by August 25",Para recibir beneficios para este verano debes aplicar antes del 25 de agosto,ለዚህ በጋ ጥቅማ ጥቅሞችን ለማግኘት፣ እስከ ኦገስት 25 ድረስ ማመልከት አለብዎት
S1 - Result - Apply for SEBT - Card 1 Body,"The sooner you apply, the sooner your application will be reviewed. Applying for DC SUN Bucks usually takes 15 minutes or less.","Mientras más pronto envíes tu aplicación, más pronto la vamos a revisar. Entregar la solicitud de DC SUN Bucks normalmente toma 15 minutos o menos.",በቶሎ ባመለከቱ ቁጥር፣ ማመልከቻዎ በቶሎ ይገመገማል። ለDC SUN Bucks ማመልከት አብዛኛውን ጊዜ 15 ደቂቃ ወይም ከዚያ ያነሰ ጊዜ ይወስዳል።
S1 - Result - Apply for SEBT - Card 1 Action,!N/A!,!N/A!,!N/A!
S1 - Result - Apply for SEBT - Library Applications,Copies of the paper application are also available year-round at DC public libraries.,También hay copias de la solicitud disponibles en las bibliotecas públicas de DC.,የወረቀት ማመልከቻ ቅጂዎች ዓመቱን ሙሉ በዲሲ የህዝብ ቤተ-መጻሕፍትም ይገኛሉ።
S1 - Result - Apply for SEBT - Notify Success ,!N/A!,!N/A!,!N/A!
S1 - Result - Apply for SEBT - Card 2 Title,Do you have other students in your household?,¿Tienes otros estudiantes en tu hogar?,በቤተሰብዎ ውስጥ ሌሎች ተማሪዎች አሉዎት?
S1 - Result - Apply for SEBT - Card 2 Body,"To check if you need to submit a DC SUN Bucks application for any other students in your household, please provide their information by clicking on the button below.","Para verificar si necesitas aplicar para DC SUN Bucks para algún otro estudiante en tu hogar, proporciona tu información haciendo clic en el botón a continuación.",በቤተሰብዎ ውስጥ ላሉ ሌሎች ተማሪዎች የDC SUN Bucks ማመልከቻ ማስገባት እንዳለብዎት ለማረጋገጥ፣ እባክዎን ከታች ያለውን አዝራር ጠቅ በማድረግ መረጃቸውን ያቅርቡ።
S1 - Result - Apply for SEBT - Card 2 Action,Check another student,Revisar otro estudiante,ሌላ ተማሪን ያረጋግጡ
S1 - Result - Apply for SEBT - Notify Title,Online applications open June 8 — sign up to be notified when you can apply:,Las solicitudes en línea se abrirán el 8 de junio — regístrate para recibir una notificación cuando puedas aplicar:,የመስመር ላይ ማመልከቻዎች ጁን(June) 8 ይከፈታሉ - ማመልከት የሚችሉበትን ጊዜ በተመለከተ ማሳወቂያ እንዲደርስዎት ይመዝገቡ፦
S1 - Result - Apply for SEBT - Notify Label Email,!N/A!,!N/A!,!N/A!
S1 - Result - Streamlined Enrolled - Title,"Looks like your student is eligible, and you DO NOT need to submit an application for them",Parece que tu estudiante es elegible y NO es necesario que aplique.,ተማሪዎ ብቁ የሆነ ይመስላል፣ እና ለእነሱ ማመልከቻ ማስገባት አያስፈልግዎትም
S1 - Result - Streamlined Enrolled - Body,"Based on our records, we already have all the information we need to determine your student's DC Sun Bucks eligibility for 2026.

2026 Sun Bucks benefits were issued beginning in June 2026 and expire 122 days after issuance.","Según nuestros registros ya tenemos toda la información que necesitamos para determinar la elegibilidad de DC SUN Bucks de tu estudiante para 2026.

Los beneficios de DC SUN Bucks 2026 se emitieron a partir de junio de 2026 y vencen 122 días después de su emisión.","በመዝገቦቻችን ላይ በመመስረት፣ የተማሪዎን የ2026 የDC SUN Bucks ብቁነት ለመወሰን የሚያስፈልጉንን መረጃዎች ሁሉ አስቀድመን አግኝተናል።

የ2026 የSUN Bucks ጥቅማ ጥቅሞች የተሰጡት ከጁን 2026 ጀምሮ ሲሆን ከተሰጠ በኋላ ከ122 ቀናት በኋላ ያበቃል።"
S1 - Result - Streamlined Enrolled - Body 1,Most students got 2026 DC SUN Bucks in June. Some got theirs later. That can happen if they were approved after June. You have 122 days to use the benefits from the day you get them.,La mayoría de los estudiantes recibieron sus DC SUN Bucks de 2026 en junio. Algunos los recibieron más tarde. Esto puede pasar si fueron aprobados después de junio. Tienes 122 días para usar los beneficios desde el día que los recibes.,አብዛኛዎቹ ተማሪዎች በጁን (ሰኔ) ወር የ2026 DC SUN Bucks (የዲሲ ሰን ባክስ) ጥቅማጥቅምን አግኝተዋል። አንዳንዶቹ በኋላ ላይ የራሳቸውን አግኝተዋል። ከጁን (ሰኔ) ወር በኋላ ለጥቅማጥቅሙ ብቁ ሆነው ከተረጋገጡ  ይህ ሊሆን ይችላል። ጥቅማጥቅሞቹን ካገኙበት ቀን ጀምሮ ለመጠቀም 122 ቀናት አሉዎት።
S1 - Result - Streamlined Enrolled - Alert Title,Check the DC SUN Bucks Portal to see where your student will receive their summer food benefits,Revisa el portal de DC SUN Bucks para ver dónde tus estudiantes recibirán sus beneficios de alimentos de verano,ተማሪዎ የበጋ የምግብ ጥቅማጥቅሞችን የት እንደሚያገኝ ለማየት የ DC SUN Bucks ፖርታልን ይመልከቱ።
S1 - Result - Streamlined Enrolled - Alert Body,"If they received a DC SUN Bucks card for a previous summer or your family participates in SNAP or TANF, we may issue their one-time $120 payment to the same EBT card.

If your student is new to DC SUN Bucks, or their previous DC SUN Bucks card needs to be replaced, we will mail a new card to the address we have on file. ","Si tu estudiante recibió una tarjeta de DC SUN Bucks en un verano anterior o tu familia participa en SNAP o TANF, es posible que depositemos su pago único de $120 en la misma tarjeta EBT.

Si tu estudiante es nuevo en DC SUN Bucks o si su tarjeta anterior de DC SUN Bucks necesita ser reemplazada, enviaremos una tarjeta nueva por correo a la dirección que tenemos registrada.","ባለፈው ክረምት የDC SUN Bucks ካርድ ከተቀበሉ ወይም ቤተሰብዎ በSNAP ወይም TANF ውስጥ ከተሳተፈ፣ የአንድ ጊዜ $120 ክፍያቸውን ለተመሳሳይ የEBT ካርድ ልንሰጥ እንችላለን።

ተማሪዎ ለDC SUN Bucks አዲስ ከሆነ ወይም የቀድሞ የDC SUN Bucks ካርዳቸውን መተካት ከፈለገ፣ በፋይላችን ውስጥ ወዳለው አድራሻ አዲስ ካርድ በፖስታ እንልካለን።"
S1 - Result - Streamlined Enrolled - Alert Action,"To check the mailing address we have on file, log in to the DC SUN Bucks Portal","Para verificar la dirección de envío que tenemos registrada, inicia sesión en el portal de DC SUN Bucks.",በፋይላችን ላይ ያለንን የፖስታ አድራሻ ለማረጋገጥ፣ ወደ DC SUN Bucks ፖርታል ይግቡ
S1 - Result - Streamlined Enrolled - Body 2,!N/A!,!N/A!,!N/A!
S1 - Result - Streamlined Enrolled - Body 3,!N/A!,!N/A!,!N/A!
S1 - Result - Streamlined Enrolled - Action,Go to the DC SUN Bucks Portal,Ve al Portal de DC SUN Bucks,ወደ DC SUN Bucks ፖርታል ይሂዱ
S1 - Result - Streamlined Enrolled - Card 1 Title,!N/A!,!N/A!,!N/A!
S1 - Result - Streamlined Enrolled - Card 1 Body,!N/A!,!N/A!,!N/A!
S1 - Result - Streamlined Enrolled - Card 2 Title,Do you have other students in your household?,¿Tiene otros estudiantes en tu hogar?,በቤተሰብዎ ውስጥ ሌሎች ተማሪዎች አሉዎት?
S1 - Result - Streamlined Enrolled - Card 2 Body,"To check if you need to submit a DC SUN Bucks application for any other students in your household, please provide their information by clicking on the button below.","Para verificar si necesitas aplicar para DC SUN Bucks para algún otro estudiante en tu hogar, proporciona su información haciendo clic en el botón a continuación.",በቤተሰብዎ ውስጥ ላሉ ሌሎች ተማሪዎች የDC SUN Bucks ማመልከቻ ማስገባት እንዳለብዎት ለማረጋገጥ፣ እባክዎን ከታች ያለውን አዝራር ጠቅ በማድረግ መረጃቸውን ያቅርቡ።
S1 - Result - Streamlined Enrolled - Card 2 Action,Check another student,Revisar otro estudiante,ሌላ ተማሪን ያረጋግጡ
S1 - Result - Streamlined Enrolled - Steps Heading,!N/A!,!N/A!,!N/A!
S1 - Result - None - Body 1,!N/A!,!N/A!,!N/A!
S1 - Result - None - Body 2,!N/A!,!N/A!,!N/A!
S1 - Result - Error - Title,Something went wrong on our end,Algo salió mal de nuestro lado,በእኛ በኩል የሆነ ስህተት ተፈጥሯል
S1 - Result - Error - Body,We can't check if your students are signed up right now.,En este momento no podemos verificar si tus estudiantes están inscritos.,ተማሪዎችዎ አሁን ተመዝግበው እንደሆነ ማረጋገጥ አንችልም።
S2 - Log In Disclaimer - Title,!N/A!,!N/A!,!N/A!
S2 - Log In Disclaimer - Log In Disclaimer - Body 1,!N/A!,!N/A!,!N/A!
S2 - Log In Disclaimer - Details Help,!N/A!,!N/A!,!N/A!
S2 - Log In Disclaimer - Details Body,!N/A!,!N/A!,!N/A!
S2 - Log In Disclaimer - Log In Disclaimer - Body 2,Tap here to contact us if you need assistance with your account.,Toca aquí para contactarnos si necesitas ayuda con tu cuenta.,በመለያዎ ላይ እርዳታ ከፈለጉ እኛን ለማግኘት እዚህ ጠቅ ያድርጉ።
S2 - Log In Disclaimer - Log In Disclaimer - Body 3,!N/A!,!N/A!,!N/A!
S2 - Log In Disclaimer - Card Title,About your DC SUN Bucks account,Acerca de tu cuenta de DC SUN Bucks,ስለ DC SUN Bucks አካውንትዎ
S2 - Log In Disclaimer - Card Body 1,"Your DC SUN Bucks account is the fastest way to manage your family's DC SUN Bucks benefits without ever making a phone call.

By creating a secure account, the main parent or guardian on file can:","Tu cuenta de DC SUN Bucks es la forma más rápida de administrar los beneficios de DC SUN Bucks de tu familia sin tener que hacer llamadas telefónicas.

Al crear una cuenta segura, el padre, madre o cuidador principal registrado puede:","የDC SUN Bucks አካውንትዎ የስልክ ጥሪ ሳያደርጉ የቤተሰብዎን የDC SUN Bucks ጥቅማ-ጥቅሞችን ለማስተዳደር ፈጣኑ መንገድ ነው።

ደህንነቱ የተጠበቀ አካውንት በመፍጠር፣ በፋይሉ ላይ ያሉ ዋና ወላጅ ወይም አሳዳጊ የሚከተሉትን ማድረግ ይችላሉ፦"
S2 - Log In Disclaimer - Card Body 2,"Request a new DC SUN Bucks card if their student’s is lost, stolen, or damaged.
Update their mailing address so they don’t miss important mail.
Check benefits and card status for all enrolled students in their household.
See the application status for any applications that they've submitted.
Opt-in to email communications about their benefits.","Pedir una nueva tarjeta de DC SUN Bucks si la de su estudiante se pierde, se la roban o se daña.
Actualizar su dirección postal para no perderse correo importante.
Revisar los beneficios y el estado de la tarjeta de todos los estudiantes inscritos en su hogar.
Ver el estado de las solicitudes que haya enviado.
Optar por recibir comunicaciones por correo electrónico sobre sus beneficios.","የተማሪዎ የDC SUN Bucks ካርድ ከጠፋ፣ ከተሰረቀ፣ ወይም ከተበላሸ፣ አዲስ የDC SUN Bucks ካርድ ይጠይቁ።
አስፈላጊ የሆኑ ደብዳቤዎች እንዳያመልጧቸው የፖስታ አድራሻቸውን ያዘምናሉ።
በቤተሰቦቻቸው ውስጥ ላሉ ሁሉም የተመዘገቡ ተማሪዎች ጥቅማ-ጥቅሞችን እና የካርድ ሁኔታን ያረጋግጣሉ።
ላስገቧቸው ማናቸውም ማመልከቻዎች፣ የማመልከቻውን ሁኔታ ይመለከታሉ።
ስለ ጥቅማ-ጥቅሞቻቸው በኢሜይል ለመግባባት መርጠው ይገባሉ።"
S2 - Portal Dashboard - Alert Address Updated,Your mailing address has been updated,Tu dirección ha sido actualizada,የፖስታ አድራሻዎ ተዘምኗል
S2 - Portal Dashboard - Alert Address Title,"A replacement for [[First name] [Last name], [First name] [Last name], and [First name] [Last name]] card[s] will be sent to the following address","Se enviará una tarjeta de reemplazo para [[First name] [Last name], [First name] [Last name], y [First name] [Last name]] a la siguiente dirección.",የ[[First name] [Last name]፣ [First name] [Last name] እና [First name] [Last name]] ካርድ[ዎች] ምትክ ወደሚከተለው አድራሻ ይላካል
S2 - Portal Dashboard - Alert Address Body,New cards usually arrive in your mailbox within 7–10 business days. Check back here in 1–2 business days to see your updated card details.,Las tarjetas nuevas generalmente llegan por correo en un plazo de 7 a 10 días hábiles. Vuelve a consultar aquí en 1 a 2 días hábiles para ver la información actualizada de tu tarjeta.,አዳዲስ ካርዶች ብዙውን ጊዜ በ7-10 የስራ ቀናት ውስጥ ወደ ፖስታ ሳጥንዎ ይደርሳሉ። የዘመኑትን የካርድ ዝርዝሮች ለማየት ከ1-2 የስራ ቀናት ውስጥ እዚህ ተመልሰው ይመልከቱ።
S2 - Portal Dashboard - Alert Contact Updated,Your contact preferences have been updated,Se han actualizado tus preferencias de contacto,የመገኛ አድራሻ ምርጫዎችዎ ተዘምነዋል
S2 - Portal Dashboard - Alert Address Update Error,There was an issue updating your mailing address. Please try again later.,Hubo un problema al actualizar su dirección postal. Vuelve a intentarlo más tarde.,የፖስታ አድራሻዎን ማዘመን ላይ ችግር ነበር። እባክዎ ቆይተው እንደገና ይሞክሩ።
S2 - Portal Dashboard - Alert Contact Update Error,There was an issue updating your contact preferences. Please try again later.,Hubo un problema al actualizar tus preferencias de contacto. Vuelve a intentarlo más tarde.,የመገኛ አድራሻ ምርጫዎችዎን ማዘመን ላይ ችግር ነበር። እባክዎ ቆይተው እንደገና ይሞክሩ።
S2 - Portal Dashboard - Alert Card Replace Error,There was an issue requesting your replacement card. Please try again later.,"Hubo un problema al solicitar su tarjeta de reemplazo. Por favor, inténtelo de nuevo más tarde.",የምትክ ካርድዎን ለመጠየቅ ችግር ተፈጥሮ ነበር። እባክዎ ቆይተው እንደገና ይሞክሩ። 
S2 - Portal Dashboard - Alert Check Address Title,Is your address correct?,¿Está correcta tu dirección?,አድራሻዎ ትክክል ነው?
S2 - Portal Dashboard - Alert Check Address Body,Please check your preferred mailing address to make sure you can receive DC SUN Bucks cards and other mail from us.,"Por favor, revisa tu dirección postal preferida para asegurarte de que puedas recibir las tarjetas DC SUN Bucks y otros envíos por correo de nuestra parte.",የDC SUN Bucks ካርዶችን እና ሌሎች ደብዳቤዎችን ከእኛ መቀበልዎን ለማረጋገጥ እባክዎን የመረጡትን የፖስታ አድራሻ ያረጋግጡ።
S2 - Portal Dashboard - Alert Check Address Link 1,"Yes, this is my address","Si, esta es mi dirección postal",አዎ፣ ይህ የእኔ አድራሻ ነው
S2 - Portal Dashboard - Alert Check Address Link 2,"No, change my mailing address","No, cambiar mi dirección postal",አይ፣ የፖስታ አድራሻዬን ቀይር
S2 - Portal Dashboard - Logout,Logout,Cerrar sesión,ውጣ
S2 - Portal Dashboard - Action Navigation - Lead,I want to,Quiero,የሚከተለውን ማድረግ እፈልጋለሁ
S2 - Portal Dashboard - Action Navigation - Check Existing Cards,Check existing cards,Revisar mis tarjetas existentes,አሁን ያሉትን ካርዶች ማረጋገጥ
S2 - Portal Dashboard - Action Navigation - Check Benefit Expiration,!N/A!,!N/A!,!N/A!
S2 - Portal Dashboard - Action Navigation - Order replacement cards,Request new cards,Pedir tarjetas de reemplazo,አዳዲስ ካርዶችን መጠየቅ
S2 - Portal Dashboard - Action Navigation - Change my mailing address,Change my mailing address,Cambiar mi dirección de correspondencia,የፖስታ አድራሻዬን መቀየር
S2 - Portal Dashboard - Action Navigation - Change my contact information,Change my contact information,Cambiar mi información de contacto,የመገኛ መረጃዬን መቀየር
S2 - Portal Dashboard - Action Navigation - Check existing applications,Check existing applications,Revisar aplicaciones pendientes,አሁን ያሉ ማመልከቻዎች ማረጋገጥ
S2 - Portal Dashboard - Action Navigation - Activate Card,!N/A!,!N/A!,!N/A!
S2 - Portal Dashboard - Action Navigation - Apply,Apply for DC SUN Bucks,Aplicar para DC SUN Bucks,ለDC SUN Bucks ያመልክቱ
S2 - Portal Dashboard - Profile Table - Heading Status,Status,Estado,ሁኔታ
S2 - Portal Dashboard - Profile Table - Status Enrolled,Enrolled,Inscrito  ,ተመዝግቧል
S2 - Portal Dashboard - Profile Table - Status Application In-Progress,Application pending,Aplicación en proceso,ማመልከቻ በመጠባበቅ ላይ
S2 - Portal Dashboard - Profile Table - Status Application Denied,Application denied,Aplicación rechazada,ማመልከቻው ውድቅ ተደርጓል
S2 - Portal Dashboard - Profile Table - Status Enrolled Description,Your students are enrolled because we have enough information to confirm their eligibility automatically.,Tus estudiantes están inscritos porque tenemos suficiente información para confirmar que califican.,ተማሪዎችዎ የተመዘገቡት ብቁነታቸውን በራስ-ሰር ለማረጋገጥ የሚያስችል በቂ መረጃ ስላለን ነው።
S2 - Portal Dashboard - Profile Table - Status Check Address,Check mailing address,Revisar dirección postal,የፖስታ አድራሻውን ያረጋግጡ
S2 - Portal Dashboard - Profile Table - Heading Contact,Your preferred contact,Tu método de contacto preferido,የእርስዎ ተመራጭ መገኛ አድራሻ
S2 - Portal Dashboard - Profile Table - Contact Emails On,Getting emailed notices at [email]@[domain].,Recibiendo avisos por correo electrónico a [email]@[domain],በኢሜል የሚላኩ ማስታወቂያዎችን በ [email]@[domain] ላይ ማግኘት።
S2 - Portal Dashboard - Profile Table - Contact Emails Off,Getting mailed notices to my physical address.,Recibiendo avisos por correo postal a mi dirección física.,በፖስታ የሚላኩ ማስታወቂያዎችን በአካል በምገኝበት አድራሻ ማግኘት።
S2 - Portal Dashboard - Profile Table - Contact Text On,Getting text messages at ([999]) 999-9999.,Recibiendo mensajes de texto al ([999]) 999-9999.,የጽሑፍ መልዕክቶችን በ ([999]) 999-9999 ማግኘት።
S2 - Portal Dashboard - Profile Table - Contact Text Off,Not getting text messages.,No está recibiendo mensajes de texto.,የጽሑፍ መልዕክቶችን አለመቀበል።
S2 - Portal Dashboard - Profile Table - Heading Address,Your mailing address,Tu dirección de correspondencia,የፖስታ አድራሻ
S2 - Portal Dashboard - Profile Table - Co-loaded Address,How we determine your mailing address,Cómo determinamos tu dirección de correspondencia,የፖስታ አድራሻዎን እንዴት እንደምንወስን
S2 - Portal Dashboard - Profile Table - Update your profile,!N/A!,!N/A!,!N/A!
S2 - Portal Dashboard - Profile Table - Physical Mail,!N/A!,!N/A!,!N/A!
S2 - Portal Dashboard - Profile Table - Action Change Address,Change my mailing address,Cambiar mi dirección de correspondencia,የፖስታ አድራሻዬን መቀየር
S2 - Portal Dashboard - Profile Table - Action Change Contact,Change my contact preferences,Cambiar mi información de contacto,የመገኛ መረጃ ምርጫዎቼን ቀይር
S2 - Portal Dashboard - Section - Cards Heading,!N/A!,!N/A!,!N/A!
S2 - Portal Dashboard - Section - Cards Body,!N/A!,!N/A!,!N/A!
S2 - Portal Dashboard - Section - Cards Alert Body,!N/A!,!N/A!,!N/A!
S2 - Portal Dashboard - Card Table - Heading SEBT ID,!N/A!,!N/A!,!N/A!
S2 - Portal Dashboard - Card Table - Heading Issued,Benefit issue date,Beneficios asignados,ጥቅማጥቅም የተሰጠበት ቀን
S2 - Portal Dashboard - Card Table - Heading Exp Date,Benefit expiration date,Fecha de vencimiento del beneficio,የጥቅማጥቅም ጊዜው የሚያበቃበት ቀን
S2 - Portal Dashboard - Card Table - Expiring,Use your DC SUN Bucks by [MM/DD/YYYY].,Usa tus DC SUN Bucks antes de que venzan el [DD/MM/YYYY].,የእርስዎን DC SUN Bucks እስከ [MM/DD/YYYY] ይጠቀሙ።
S2 - Portal Dashboard - Card Table - Expired,This student's DC SUN Bucks expired on [MM/DD/YYYY]. You can't use them now.,Los beneficios de DC SUN Bucks de este estudiante vencieron el [DD/MM/YYYY]. Ya no puedes usarlos.,የዚህ ተማሪ የDC SUN Bucks በ [MM/DD/YYYY] ጊዜው አልፏል። አሁን ሊጠቀሙባቸው አይችሉም።
S2 - Portal Dashboard - Card Table - Heading Card Type,Benefit issued to,Beneficios asignados a,ጥቅማጥቅም የተሰጠው ለ
S2 - Portal Dashboard - Card Table - Types,[DC SUN Bucks/Household SNAP EBT/Household TANF EBT] Card,Tarjeta [DC SUN Bucks/SNAP EBT del hogar/TANF EBT del hogar],[DC SUN Bucks/የቤተሰብ SNAP EBT/የቤተሰብ TANF EBT] ካርድ
S2 - Portal Dashboard - Card Table - Types Co-loaded,Household [SNAP EBT/TANF EBT] Card,Tarjeta [SNAP EBT/TANF EBT] del hogar,የቤተሰብ [SNAP EBT/TANF EBT] ካርድ
S2 - Portal Dashboard - Card Table - Type SEBT,DC SUN Bucks Card,Tarjeta DC SUN Bucks,የDC SUN Bucks ካርድ
S2 - Portal Dashboard - Card Table - Type SNAP,Household SNAP EBT Card,Tarjeta SNAP EBT del hogar,የቤተሰብ SNAP EBT ካርድ
S2 - Portal Dashboard - Card Table - Type TANF,Household TANF EBT Card,Tarjeta TANF EBT del hogar,የቤተሰብ TANF EBT ካርድ
S2 - Portal Dashboard - Card Table - Heading Card Number,!N/A!,!N/A!,!N/A!
S2 - Portal Dashboard - Card Table - Last Four Digits,!N/A!,!N/A!,!N/A!
S2 - Portal Dashboard - Card Table - Heading Card Status,Card status,Estado de la tarjeta,የካርድ ሁኔታ
S2 - Portal Dashboard - Card Table - Heading Mailing address,!N/A!,!N/A!,!N/A!
S2 - Portal Dashboard - Card Table - Status Requested,!N/A!,!N/A!,!N/A!
S2 - Portal Dashboard - Card Table - Status Issued,Issued on [MM/DD/YYYY],Emitida el [DD/MM/YYYY],የተሰጠው በ [ወወ/ቀቀ/ዓዓዓዓ]
S2 - Portal Dashboard - Card Table - Status Mailed,!N/A!,!N/A!,!N/A!
S2 - Portal Dashboard - Card Table - Status Active,!N/A!,!N/A!,!N/A!
S2 - Portal Dashboard - Card Table - Status Deactivated,!N/A!,!N/A!,!N/A!
S2 - Portal Dashboard - Card Table - Status Inactive,!N/A!,!N/A!,!N/A!
S2 - Portal Dashboard - Card Table - Status Frozen,!N/A!,!N/A!,!N/A!
S2 - Portal Dashboard - Card Table - Status Undeliverable,!N/A!,!N/A!,!N/A!
S2 - Portal Dashboard - Card Table - Status Message Requested 1,!N/A!,!N/A!,!N/A!
S2 - Portal Dashboard - Card Table - Status Message Requested 2,"A replacement card will arrive in the mail in around 7-10 business days. Once replacement cards are created, the previous cards will be permanently deactivated. Any remaining balance on the previous card will automatically be rolled over to the replacement card.

If it doesn't arrive in the mail after 10 business days, you can request a new card here.","Una tarjeta de reemplazo llegará por correo en aproximadamente 7 a 10 días hábiles. Una vez que se creen las tarjetas de reemplazo, las tarjetas anteriores se desactivarán permanentemente. Cualquier saldo restante en la tarjeta anterior se transferirá automáticamente a la tarjeta de reemplazo.

Si no te llega por correo después de 10 días hábiles, puedes solicitar una nueva tarjeta aquí.","ምትክ ካርድ ከ7-10 የስራ ቀናት ውስጥ በፖስታ ይደርስዎታል። ምትክ ካርዶች ከተሰሩ በኋላ፣ የቀደሙት ካርዶች በቋሚነት ከአገልግሎት ይወጣሉ። በቀድሞው ካርድ ላይ የቀረው ማንኛውም ቀሪ ሂሳብ በራስ-ሰር ወደ ምትክ ካርድ ይተላለፋል።
 
ከ10 የስራ ቀናት በኋላ በፖስታ ካልደረሰ፣ እዚህ አዲስ ካርድ መጠየቅ ይችላሉ።"
S2 - Portal Dashboard - Card Table - Status Message Mailed,!N/A!,!N/A!,!N/A!
S2 - Portal Dashboard - Card Table - Status Message Active,!N/A!,!N/A!,!N/A!
S2 - Portal Dashboard - Card Table - Status Message Deactivated,!N/A!,!N/A!,!N/A!
S2 - Portal Dashboard - Card Table - Status Message Inactive,!N/A!,!N/A!,!N/A!
S2 - Portal Dashboard - Card Table - Status Message Frozen,!N/A!,!N/A!,!N/A!
S2 - Portal Dashboard - Card Table - Status Message Undeliverable,!N/A!,!N/A!,!N/A!
S2 - Portal Dashboard - Card Table - Action Update Mailing Address,!N/A!,!N/A!,!N/A!
S2 - Portal Dashboard - Card Table - Action Request Replacement,Request a replacement card,Solicitar una tarjeta de reemplazo,ምትክ ካርድ ይጠይቁ
S2 - Portal Dashboard - Card Table - Action Contact for Replacement,Contact us to get a new card,Contáctanos para pedir una tarjeta nueva,አዲስ ካርድ ለማግኘት እኛን ያነጋግሩን
S2 - Portal Dashboard - Card Table - Action How to Replace,How to get a replacement EBT card,Cómo conseguir una tarjeta EBT de reemplazo,ምትክ የ EBT ካርድ እንዴት ማግኘት እንደሚቻል
S2 - Portal Dashboard - Card Table - Action Update Request,!N/A!,!N/A!,!N/A!
S2 - Portal Dashboard - Alert EBT Edge - Title,Check balance or change PIN number,Revisar balance o cambiar número de PIN,ቀሪ ሂሳብን ያረጋግጡ ወይም የፒን ቁጥር ይቀይሩ
S2 - Portal Dashboard - Alert EBT Edge - Body,If you need to,Si necesitas,የሚከተለውን ማድረግ የሚያስፈልግዎ ከሆነ
S2 - Portal Dashboard - Alert EBT Edge - Features,"Check the card balance and transactions, 
Freeze or unfreeze to protect benefits from theft, 
or change the card PIN","Revisar el balance de las tarjetas, 
Congelarlas o descongelarlas para proteger tus beneficios del robo, o
Cambiar la clave de la tarjeta","የካርድ ቀሪ ሂሳብ እና ግብይቶችን ማጣራት፣
ጥቅማ ጥቅሞችን ከስርቆት ለመጠበቅ ማገድ ወይም አለማገድ፣
ወይም የካርድ ፒን መቀየር"
S2 - Portal Dashboard - Alert EBT Edge - Body 2,You can call Fidelity Information Services (FIS) at (888) 328-2656 or use ebtEDGE online and create an account.,"Para crear una cuenta, puedes llamar a Fidelity Information Services (FIS) al 888) 328-2656 or usar ebtEDGE en línea.",ለታማኝነት መረጃ አገልግሎቶች (FIS) በ (888) 328-2656 መደወል ወይም ebtEDGE ን በመስመር ላይ መጠቀም እና መለያ መፍጠር ይችላሉ።
S2 - Portal Dashboard - Alert EBT Edge - Action,Go to ebtEDGE,Ir a ebtEDGE,ወደ ebtEDGE ይሂዱ
S2 - Portal Dashboard - Alert EBT Edge - Action 2,Tap to call Fidelity Information Services (FIS),Toca la pantalla para llamar a Fidelity Information Services (FIS),የለታማኝነት መረጃ አገልግሎቶች (FIS) ለመደወል መታ ያድርጉ
S2 - Portal Dashboard - Section - Enrolled Children Heading,Enrolled Students,Estudiantes inscritos,የተመዘገቡ ተማሪዎች
S2 - Portal Dashboard - Section - Enrolled Children Body 1,"The following students are enrolled in DC SUN Bucks. If you would like to submit an application for a student who isn't enrolled, you may","Los siguientes estudiantes han sido inscritos en el DC SUN Bucks. Si quieres, puedes enviar una solicitud de un estudiante que no está inscrito.",የሚከተሉት ተማሪዎች በDC SUN Bucks ተመዝግበዋል። ላልተመዘገበ ተማሪ ማመልከቻ ማስገባት ከፈለጉ፣
S2 - Portal Dashboard - Section - Enrolled Children Body 2,!N/A!,!N/A!,!N/A!
S2 - Portal Dashboard - Section - Enrolled Children Action,submit a DC SUN Bucks application.,Entregar una solicitud para DC SUN Bucks.,የDC SUN Bucks ማመልከቻ ያስገቡ።
S2 - Portal Dashboard - Section - Applications Heading,DC SUN Bucks Applications,Solicitudes de DC SUN Bucks,የDC SUN Bucks ማመልከቻዎች
S2 - Portal Dashboard - Section - Applications Body,Here are your DC SUN Bucks applications for students who haven't been automatically enrolled.,Aquí están tus solicitudes de DC SUN Bucks para los estudiantes que no se han inscrito automáticamente.,በራስ-ሰር ላልተመዘገቡ ተማሪዎች የDC SUN Bucks ማመልከቻዎችዎን እነሆ።
S2 - Portal Dashboard - Applications Table - Heading Number,!N/A!,!N/A!,!N/A!
S2 - Portal Dashboard - Applications Table - Heading Date Submitted,Date submitted,Fecha de entrega ,የገባበት ቀን
S2 - Portal Dashboard - Applications Table - Heading Children Included,Students included in application,Estudiantes incluídos en la solicitud,በማመልከቻው ውስጥ የተካተቱ ተማሪዎች
S2 - Portal Dashboard - Applications Table - Heading Status,Status,Estado,ሁኔታ
S2 - Portal Dashboard - Applications Table - Status Approved,Approved,Aprobada,ጸድቋል
S2 - Portal Dashboard - Applications Table - Status Pending,Pending,Pendiente,በመጠባበቅ ላይ
S2 - Portal Dashboard - Applications Table - Status Denied,Denied,Rechazado,ውድቅ ተደርጓል
S2 - Portal Dashboard - Alert Applications Title,We are unable to find your record in the portal at this time,En este momento no podemos encontrar su registro en el portal,በአሁኑ ጊዜ በፖርታል ውስጥ የእርስዎን መዝገብ ማግኘት አልቻልንም
S2 - Portal Dashboard - Alert Applications Body,"Come back to this dashboard in 1–2 business days if you've just applied, and your application isn't displayed.",Vuelve a este panel mañana si acabas de enviar tu solicitud y todavía no aparece.,አሁን አመልክተው ከሆነ እና ማመልከቻዎ እንድታይ ካልተደረገ፣ በ1-2 የስራ ቀናት ውስጥ ወደዚህ ዳሽቦርድ ይመለሱ።
S2 - Portal Dashboard - Alert Applications Action,Apply for DC SUN Bucks now ,Aplica para DC SUN Bucks ahora ,ለDC SUN Bucks አሁን ያመልክቱ
S3 - Contact Preferences Update - Title,Your contact preferences,Tus preferencias de contacto,የመገኛ አድራሻ ምርጫዎችዎ
S3 - Contact Preferences Update - Body,!N/A!,!N/A!,!N/A!
S3 - Contact Preferences Update - Label Language,Which language do you prefer to be contacted in?,¿En qué idioma prefieres que te contacten?,በየትኛው ቋንቋ እንድናነጋግርዎት ይመርጣሉ?
S3 - Contact Preferences Update - Label Contact Preference,Would you like to get DC SUN Bucks notices by email [at [email]@[domain]] instead of by physical mail?,¿Te gustaría recibir los avisos de DC SUN Bucks por correo electrónico [a [email]@[domain]] en lugar de por correo postal?,የDC SUN Bucks ማስታወቂያዎችን በአካላዊ ደብዳቤ ከማግኘት ይልቅ በኢሜል [በ [email]@[domain]] ማግኘት ይፈልጋሉ?
S3 - Contact Preferences Update - Label Email,!N/A!,!N/A!,!N/A!
S3 - Contact Preferences Update - Label Text Preference,Would you like to get text messages about your DC SUN Bucks account?,¿Te gustaría recibir mensajes de texto sobre tu cuenta de DC SUN Bucks?,ስለ DC SUN Bucks መለያዎ የጽሑፍ መልዕክቶችን ማግኘት ይፈልጋሉ?
S3 - Contact Preferences Update - Description Text Preference,!N/A!,!N/A!,!N/A!
S3 - Contact Preferences Update - Label Phone,What's the best phone number to text you?,¿Cuál es el mejor número de teléfono para enviarte mensajes de texto?,መልእክት ለመላክ በጣም ጥሩው የስልክ ቁጥር የትኛው ነው?
S3 - Contact Preferences Update - Description Phone,This phone number needs to be able to receive text messages.,Este número de teléfono tiene que poder recibir mensajes de texto.,ይህ የስልክ ቁጥር የጽሑፍ መልዕክቶችን መቀበል መቻል አለበት።
S3 - Contact Preferences Update - Action Update Contact,Update contact preferences,Actualizar las preferencias de contacto,የመገኛ መረጃ ምርጫዎችን ያዘምኑ
S3 - Parent Profile Update - Alert Profile Update,!N/A!,!N/A!,!N/A!
S3 - Parent Profile Update - Title,!N/A!,!N/A!,!N/A!
S3 - Parent Profile Update - Back,!N/A!,!N/A!,!N/A!
S3 - Parent Profile Update - Heading Mailing Address,!N/A!,!N/A!,!N/A!
S3 - Parent Profile Update - Label Preferred Mailing Address,!N/A!,!N/A!,!N/A!
S3 - Parent Profile Update - Helper Preferred Mailing Address,!N/A!,!N/A!,!N/A!
S3 - Parent Profile Update - Action Add Mailing Address,!N/A!,!N/A!,!N/A!
S3 - Parent Profile Update - Edit Mailing Address,!N/A!,!N/A!,!N/A!
S3 - Mailing Address Edit - Title,!N/A!,!N/A!,!N/A!
S3 - Mailing Address Edit - Label Select Address,!N/A!,!N/A!,!N/A!
S3 - Mailing Address Edit - Label Update or Delete,!N/A!,!N/A!,!N/A!
S3 - Mailing Address Edit - Option Update,!N/A!,!N/A!,!N/A!
S3 - Mailing Address Edit - Option Delete,!N/A!,!N/A!,!N/A!
S3 - Confirm Delete Address - Title,!N/A!,!N/A!,!N/A!
S3 - Parent Profile Update - Action Update Address,!N/A!,!N/A!,!N/A!
S4 - Mailing Address Update - Title Your,Tell us where to safely send your mail,Cuéntanos a qué dirección podemos enviarte tu correo,ደብዳቤዎን ደህንነቱ በተጠበቀ ሁኔታ የት መላክ እንዳለብን ይንገሩን
S4 - Mailing Address Update - Helper Street Address,!N/A!,!N/A!,ከ30 ቁምፊዎች ያጠረ የመንገድ አድራሻ ያስገቡ።
S4 - Mailing Address Update - Alert Body,"There was an issue with the address provided. If you can, please, enter a street address shorter than 30 characters.","Hubo un problema con la dirección que ingresaste. Si puedes, escribe una dirección de calle de menos de 30 caracteres.",በተሰጠው አድራሻ ላይ ችግር ነበር። ከቻሉ፣ እባክዎን ከ30 ቁምፊዎች ያጠረ የመንገድ አድራሻ ያስገቡ።
S4 - Mailing Address Update - Alert Action,Contact us if you need more help,Contáctanos si necesitas más ayuda,ተጨማሪ እርዳታ ከፈለጉ እኛን ያግኙን
S4 - Mailing Address Update - Validation Street Address,Enter a street address shorter than 30 characters.,Escribe una dirección de calle de menos de 30 caracteres.,ከ30 ቁምፊዎች ያጠረ የመንገድ አድራሻ ያስገቡ።
S4 - Abbreviated Address - Title,!N/A!,!N/A!,!N/A!
S4 - Abbreviated Address - Body 1,!N/A!,!N/A!,!N/A!
S4 - Abbreviated Address - Body 2,!N/A!,!N/A!,!N/A!
S4 - Abbreviated Address - Body 3,!N/A!,!N/A!,!N/A!
S4 - Abbreviated Address - Body 4,!N/A!,!N/A!,!N/A!
S4 - Abbreviated Address - Action 1,!N/A!,!N/A!,!N/A!
S4 - Abbreviated Address - Action 2,!N/A!,!N/A!,!N/A!
S4 - Address Not Found - Title,Are you sure this address is correct?,¿Estás seguro que esta dirección es correcta?,ይህ አድራሻ ትክክል መሆኑን እርግጠኛ ነዎት?
S4 - Address Not Found - Body,"We couldn't find the address you entered. To make sure we can send you mail or a DC SUN Bucks card, please check the address.

If you want to make a change, tap ""Edit the address"".

If the address you provided is correct, tap ""Contact us"" for more help.","No pudimos encontrar la dirección que ingresaste. Para asegurarnos de poder enviarte correo o tu tarjeta de DC SUN Bucks, por favor revisa la dirección. 

Si quieres hacer un cambio, toca “Editar la dirección”. Si la dirección que diste es correcta, toca “Comunícate con nosotros” para obtener más ayuda.","ያስገቡትን አድራሻ ማግኘት አልቻልንም። ፖስታ ወይም የDC SUN Bucks ካርድ መላክ እንደምንችል ለማረጋገጥ፣ እባክዎን አድራሻውን ያረጋግጡ።

ለውጥ ማድረግ ከፈለጉ ""አድራሻ አርትዕ"" የሚለውን ይንኩ።

የሰጡት አድራሻ ትክክል ከሆነ፣ ለተጨማሪ እገዛ ""እኛን ያግኙን"" የሚለውን ይንኩ።"
S4 - Address Not Found - Alert Title,Address you entered,Dirección que ingresaste,ያስገቡት አድራሻ
S4 - Address Not Found - Alert Action,Edit the address,Editar esta dirección,አድራሻውን ያርትዑ
S4 - Address Not Found - Continue,!N/A!,!N/A!,!N/A!
S4 - Address Not Found - Action Help,Contact us,Contáctanos,ያግኙን
S4 - Suggested Address - Title,Check the address,Confirmar la dirección,አድራሻውን ያረጋግጡ
S4 - Suggested Address - Body,"We updated the address you entered. If correct, use the suggested address.","Hemos actualizado la dirección que ingresaste. Si es correcta, selecciona la dirección sugerida.",ያስገቡትን አድራሻ አሻሽለናል። ትክክል ከሆነ፣ የተጠቆመውን አድራሻ ይጠቀሙ።
S4 - Suggested Address - Label Select,Select the address to use,Selecciona la dirección que quieres usar,የሚጠቀሙበትን አድራሻ ይምረጡ
S5 - Bulk Order New Cards - Title,Do you want to request replacement DC SUN Bucks cards to be sent to this address?,¿Quieres solicitar que las tarjetas DC SUN Bucks de reemplazo sean enviadas a esta dirección?,የDC SUN Bucks ካርዶች ምትክ ወደዚህ አድራሻ እንዲላኩ መጠየቅ ይፈልጋሉ?
S5 - Bulk Order New Cards - Body 1,We can send replacement cards if,Podemos enviar tarjetas de reemplazo si,የሚከተለው ከሆነ ምትክ ካርዶችን መላክ እንችላለን
S5 - Bulk Order New Cards - Body 2,"You haven't received them in the mail after two weeks
Or you no longer have them","No las has recibido por correo después de dos semanas
o ya no las tienes","ከሁለት ሳምንታት በኋላ በፖስታ አልደረሰዎትም
ወይም ከእንግዲህ የሉዎትም"
S5 - Bulk Order New Cards Confirm - Title,A few things to know before replacing DC SUN Bucks cards,Algunas cosas a tener en cuenta antes de reemplazar las tarjetas de DC SUN Bucks,የ DC SUN Bucks ካርዶችን ከመተካትዎ በፊት ማወቅ ያለብዎት ጥቂት ነገሮች
S5 - Bulk Order New Cards Confirm - Body,"Once replacement cards are created, the previous cards will be permanently deactivated
Cards will arrive by mail in around 7–10 business days
Any remaining balance on the previous card will automatically be rolled over to the replacement card","Una vez que se creen las tarjetas de reemplazo, las tarjetas anteriores se desactivarán permanentemente
Las tarjetas llegarán por correo entre aproximadamente 7 a 10 días
Cualquier saldo restante en la tarjeta anterior se transferirá automáticamente a la tarjeta de reemplazo","ምትክ ካርዶች አንዴ ከተፈጠሩ በኋላ፣ የቀደሙት ካርዶች በቋሚነት እንዳይሰሩ ይደረጋል
ካርዶቹ በፖስታ ከ7-10 ባሉት የስራ ቀናት ውስጥ ይደርሳሉ
በቀድሞው ካርድ ላይ የቀረው ማንኛውም ቀሪ ሂሳብ በራስ-ሰር ወደ ምትክ ካርድ ይተላለፋል"
S5 - Bulk Order New Cards Confirm - Summary Title,Card order summary,Resumen del pedido de la tarjeta,የካርድ ትዕዛዝ ማጠቃለያ
S5 - Bulk Order New Cards Confirm - Summary Address,New cards will be mailed to the following address:,Las nuevas tarjetas se enviarán por correo a la siguiente dirección:,አዳዲስ ካርዶች ወደሚከተለው አድራሻ በፖስታ ይላካሉ፦
S5 - Bulk Order New Cards Confirm - Action,Order cards,Pedir tarjetas,የትዕዛዝ ካርዶች
S5 - Bulk Order New Cards Who - Title,Which cards need to be replaced?,¿Cuáles tarjetas necesitan ser reemplazadas?,የትኞቹ ካርዶች መተካት አለባቸው?
S5 - Bulk Order New Cards Who - Label Select Cards,Select which cards you want to replace,Selecciona las tarjetas que deseas reemplazar,የትኞቹን ካርዶች መተካት እንደሚፈልጉ ይምረጡ
S5 - Bulk Order New Cards Who - Who's Card,[First name] [M.] [Last name]'s card,Tarjeta de [First name] [M.] [Last name],የ[First name] [M.] [Last name] ካርድ
S5 - Bulk Order New Cards Who - Card Number,!N/A!,!N/A!,!N/A!
S6 - Replacement Card - Pre-title,Replace [First name] [M.] [Last name]'s card,Reemplazar la tarjeta de [First name] [M.] [Last name],የ [First name] [M.] [Last name] ካርድን ይተኩ።
S6 - Replacement Card Address - Title,Do you want the new card mailed to this address?,¿Deseas que el reemplazo de la tarjeta que termina en [9999] se envíe por correo a esta dirección?,አዲሱ ካርድ ወደዚህ አድራሻ በፖስታ እንዲላክልዎት ይፈልጋሉ?
S6 - Request Replacement Card FIS - Title,Getting a replacement SNAP or TANF EBT card,Cosas que saber antes de solicitar una tarjeta de reemplazo,ምትክ የSNAP ወይም የTANF EBT ካርድ ማግኘት
S6 - Request Replacement Card FIS - Replace Card Body 1,"You can get a replacement SNAP or TANF EBT card at a DHS EBT Card Office. 

Your DC SUN Bucks benefits will be added to your regular SNAP or TANF benefits. 

Offices are open Monday through Friday, from 7:30 a.m. to 4:45 p.m.","Puedes obtener una tarjeta EBT de reemplazo de SNAP o TANF en una oficina de tarjetas EBT del DHS.

Tus beneficios de DC SUN Bucks se agregarán a tus beneficios regulares de SNAP o TANF.

Las oficinas están abiertas de lunes a viernes, de 7:30 a.m. a 4:45 p.m.","በDHS EBT ካርድ ቢሮ ምትክ የSNAP ወይም የTANF EBT ካርድ ማግኘት ይችላሉ።

የDC SUN Bucks ጥቅማ ጥቅሞችዎ ወደ መደበኛ የSNAP ወይም የTANF ጥቅማ ጥቅሞችዎ ይታከላሉ።

ቢሮዎች ከሰኞ እስከ አርብ ከ7:30 a.m. እስከ 4:45 p.m ክፍት ናቸው"
S6 - Request Replacement Card FIS - Replace Card Body 2,DHS EBT Card Office locations:,Ubicaciones de las oficinas de tarjetas EBT del DHS:,የ DHS EBT ካርድ ቢሮዎች፦
S6 - Request Replacement Card FIS - Replace Card Body 3,"645 H Street NE, 2nd Floor
1649 Marion Barry Avenue SE","645 H Street NE, 2nd Floor
1649 Marion Barry Avenue SE","645 H Street NE, 2nd Floor
1649 Marion Barry Avenue SE"
S6 - Request Replacement Card FIS - Replace Card Body 4,You can also request a replacement EBT card by mail by calling FIS at (888) 304-9167.,También puedes solicitar una tarjeta EBT de reemplazo por correo llamando a FIS al (888) 304-9167,እንዲሁም በ(888) 304-9167 ወደ FIS በመደወል ምትክ የEBT ካርድ በፖስታ መጠየቅ ይችላሉ።
S6 - Request Replacement Card FIS - Replace Card Body 5,You can get a new DC SUN Bucks card if you need one. Go to the portal dashboard and tap “Request a replacement card” under the student’s name that has benefits issued to a DC SUN Bucks card.,Puedes obtener una nueva tarjeta de DC SUN Bucks si la necesitas. Ve al panel del portal y toca “Solicitar una tarjeta de reemplazo” debajo del nombre del estudiante que tiene los beneficios emitidos en una tarjeta de DC SUN Bucks.,"አዲስ የDC SUN Bucks ካርድ ከፈለጉ ማግኘት ይችላሉ። ወደ ፖርታል ዳሽቦርድ ይሂዱ እና ከተማሪው ስም ስር ""ምትክ ካርድ ይጠይቁ"" የሚለውን ጠቅ ያድርጉ፤ ይህም ለDC SUN Bucks ካርድ የተሰጠ ጥቅማጥቅሞች አሉት።"
S6 - Request Replacement Card FIS - Action,Go to the dashboard,Ir al panel del portal,ወደ ዳሽቦርዱ ይሂዱ
S6 - Request Replacement Card FIS - Keep Card,!N/A!,!N/A!,!N/A!
S6 - Request Replacement Card FIS - Tap to Call,!N/A!,!N/A!,!N/A!
S6 - Request Replacement Card FIS - Subtle Link,!N/A!,!N/A!,!N/A!
S6 - Confirm Request Replacement Card - Title,A few things to know before replacing DC SUN Bucks cards,Algunas cosas que debes saber antes de reemplazar las tarjetas de DC SUN Bucks,የ DC SUN Bucks ካርዶችን ከመተካትዎ በፊት ማወቅ ያለብዎት ጥቂት ነገሮች
S6 - Confirm Request Replacement Card - Body,"Once a replacement card is created, the previous card will be permanently deactivated
Cards will arrive by mail in around 7-10 business days
Any remaining balance on the previous card will automatically be rolled over to the replacement card","Una vez que se cree una tarjeta de reemplazo, la tarjeta anterior quedará desactivada permanentemente.
Las tarjetas llegarán por correo en aproximadamente 7 a 10 días hábiles.
Cualquier saldo restante en la tarjeta anterior se transferirá automáticamente a la tarjeta de reemplazo.","ምትክ ካርድ አንዴ ከተፈጠረ፣ ቀዳሚው ካርድ በቋሚነት እንዳይሰራ ይደረጋል
ካርዶቹ በፖስታ ከ7-10 ባሉት የስራ ቀናት ውስጥ ይደርሳሉ
በቀድሞው ካርድ ላይ የቀረው ማንኛውም ቀሪ ሂሳብ በራስ-ሰር ወደ ምትክ ካርድ ይተላለፋል"
S6 - Confirm Request Replacement Card - Summary Title,Card order summary,Resumen del pedido de tarjetas,የካርድ ትዕዛዝ ማጠቃለያ
S6 - Confirm Request Replacement Card - Summary Address,Your new card will be mailed to the following address:,Tu nueva tarjeta se enviará por correo a la siguiente dirección:,አዲሱ ካርድዎ ወደሚከተለው አድራሻ በፖስታ ይላካል፦
S6 - Confirm Request Replacement Card - Action,Order card,Pedir tarjeta,የትዕዛዝ ካርድ
S7 - Pin Card - Title,Activate a card,Activar una tarjeta,ካርድ ያግብሩ
S7 - Pin Card - Body,"Once you receive your student's card, call EBT Customer Service at (888) 328-2656. Follow the instructions to set the PIN number to activate the card.

When asked to ""enter your date of birth"" by the recording, do not enter your own birthday. Enter the student's birthdate in the format MONTH-DAY-YEAR.

When asked to ""enter the primary cardholder's"" ZIP Code, enter the ZIP Code of the address it was mailed to.","Cuando recibas la tarjeta de tu estudiante, llama al servicio al cliente de EBT al (888) 328-2656. Sigue las instrucciones para crear el número PIN y activar la tarjeta.

Cuando la grabación te pida que “ingreses tu fecha de nacimiento”, no pongas tu propio cumpleaños. Ingresa la fecha de nacimiento de tu estudiante con el formato MES-DÍA-AÑO.

Cuando te pidan “ingresar el código postal del titular principal de la tarjeta”, ingresa el código postal de la dirección a la que se envió por correo.","የተማሪዎን ካርድ አንዴ ከተቀበሉ በኋላ፣ ወደ EBT የደንበኛ አገልግሎት በ (888) 328-2656 ይደውሉ። ካርዱን ለማግበር የፒን ቁጥሩን ለማዘጋጀት መመሪያዎቹን ይከተሉ።

በቀረጻው ""የትውልድ ቀንዎን እንዲያስገቡ"" ሲጠየቁ፣ የራስዎን የልደት ቀን አያስገቡ። የተማሪውን የልደት ቀን በወር-ቀን-ዓመት ቅርጸት ያስገቡ።

""ዋናውን የካርድ ባለቤት"" የፖስታ ኮድ እንዲያስገቡ ሲጠየቁ፣ በፖስታ የተላከበትን አድራሻ ዚፕ ኮድ ያስገቡ።"
S7 - Pin Card - Action,Tap to call EBT Customer Service,Toca la pantalla para llamar a servicios al cliente de EBT,ወደ EBT የደንበኞች አገልግሎት ለመደወል መታ ያድርጉ
S7 - Co-loaded Address Update - Title,Mailing address for SNAP or TANF EBT card,Dirección postal para la tarjeta EBT de SNAP o TANF,የSNAP ወይም የTANF EBT ካርድ የፖስታ አድራሻ
S7 - Co-loaded Address Update - Body 1,"The mailing address we have is the one listed on your household’s SNAP or TANF account. If your address has changed, it will not affect your student’s DC SUN Bucks benefits. The benefits are loaded onto your SNAP or TANF EBT card.","La dirección de correspondencia que tenemos es la que aparece en la cuenta de SNAP o TANF de tu hogar. Si tu dirección ha cambiado, eso no afectará los beneficios de DC SUN Bucks de tu estudiante. Los beneficios se cargan a tu tarjeta EBT de SNAP o TANF.",ያለን የፖስታ አድራሻ በቤተሰብዎ የSNAP ወይም የTANF መለያ ላይ የተዘረዘረው ነው። አድራሻዎ ከተቀየረ፣ የተማሪዎን የDC SUN Bucks ጥቅማ ጥቅሞች አይነካም። ጥቅሞቹ በSNAP ወይም TANF EBT ካርድዎ ላይ ይጫናሉ።
S7 - Co-loaded Address Update - Body 2,"If you lost your SNAP or TANF EBT card, you can get a new one at your local DC SNAP or TANF office.","Si perdiste tu tarjeta EBT de SNAP o TANF, puedes conseguir una nueva en tu oficina local de SNAP o TANF en DC.",የSNAP ወይም የTANF EBT ካርድዎ ከጠፋብዎት፣ በአካባቢዎ በሚገኘው የዲሲ SNAP ወይም የTANF ቢሮ አዲስ ካርድ ማግኘት ይችላሉ።
S7 - Co-loaded Address Update - Action 2,Tap here to learn how to get a replacement SNAP or TANF EBT card,Toca aquí para aprender cómo conseguir una tarjeta de reemplazo de SNAP o TANF EBT.,ምትክ የSNAP ወይም የTANF EBT ካርድ እንዴት ማግኘት እንደሚችሉ ለማወቅ እዚህ መታ ያድርጉ
S7 - Co-loaded Address Update - Body 3,"If you prefer, you can choose to get DC SUN Bucks notices by email instead of by physical mail.","Si lo prefieres, puedes elegir recibir los avisos de DC SUN Bucks por correo electrónico en lugar de por correo postal.",ከፈለጉ፣ የDC SUN Bucks ማስታወቂያዎችን በአካል በፖስታ ከማግኘት ይልቅ በኢሜል ማግኘት ይችላሉ።
S7 - Co-loaded Address Update - Action 3,Tap here to update your contact preferences,Toca aquí para actualizar tus preferencias de contacto.,የመገኝባ መረጃ ምርጫዎችዎን ለማዘመን እዚህ መታ ያድርጉ
S8 - OTP Enter Email - Title,Enter your email and we'll send you a code to log into your DC SUN Bucks account,Ingresa tu correo electrónico y te enviaremos un código para entrar a tu cuenta de DC SUN Bucks,ኢሜልዎን ያስገቡ እና ወደ DC SUN Bucks መለያዎ ለመግባት ኮድ እንልክልዎታለን።
S8 - OTP Enter Email - Body,"If you are your student’s primary guardian and you are 18 or older, enter your email to see their DC SUN Bucks information. You may need your SNAP or TANF case number ready to log in for the first time if you have one.","Si eres el cuidador principal de tu estudiante y tienes 18 años o más, ingresa tu correo electrónico para ver la información de DC SUN Bucks. Es posible que necesites tener listo tu número de identificación del caso de SNAP o TANF para iniciar sesión por primera vez.",የተማሪዎ ዋና አሳዳጊ ከሆኑ እና ዕድሜዎ 18 ወይም ከዚያ በላይ ከሆነ፣ የዲሲ ሰኔ ቡክስ መረጃቸውን ለማየት ኢሜልዎን ያስገቡ። የSNAP ወይም የTANF የጉዳይ ቁጥርዎ ካለዎት ለመጀመሪያ ጊዜ ለመግባት ዝግጁ ሊሆን ይችላል።
S8 - OTP Enter Email - Details Help,Get more help accessing my account,Recibir más ayuda para acceder a mi cuenta,የአካውንቴን ተደራሽነት ለማግኘት ተጨማሪ እገዛ ማግኘት
S8 - OTP Enter Email - Details Body,"Accounts are available for guardians 18 or older. If you’re under 18, contact us to get help managing your family’s DC SUN Bucks benefits.

Your SNAP or TANF case number will help you quickly log into your DC SUN Bucks account for the first time. If you don’t have one, you can use your Social Security Number (SSN) or Individual Taxpayer ID Number (ITIN) instead.","Las cuentas están disponibles para cuidadores de 18 años o más. Si eres menor de 18 años, contáctanos para recibir ayuda para administrar los beneficios de DC SUN Bucks de tu familia.

Tu número de identificación del caso de SNAP o TANF te ayudará a iniciar sesión rápidamente en tu cuenta de DC SUN Bucks por primera vez. Si no tienes uno, puedes usar tu número de Seguro Social (SSN) o tu Número de Identificación Personal del Contribuyente (ITIN).","ለ18 ዓመት ወይም ከዚያ በላይ ለሆኑ አሳዳጊዎች መለያዎች ይገኛሉ። ዕድሜዎ ከ18 ዓመት በታች ከሆኑ፣ የቤተሰብዎን የDC SUN Bucks ጥቅማ-ጥቅሞችን ለማስተዳደር እርዳታ ለማግኘት እኛን ያነጋግሩ።

የእርስዎ የSNAP ወይም የTANF የጉዳይ ቁጥርዎ(case number)፣  ለመጀመሪያ ጊዜ ወደ DC SUN Bucks አካውንትዎ በፍጥነት እንዲገቡ ይረዳዎታል። ከሌለዎት፣ በምትኩ የማህበራዊ ዋስትና ቁጥርዎን (SSN) ወይም የግለሰብ የግብር ከፋይ መታወቂያ ቁጥርዎን (ITIN) መጠቀም ይችላሉ።"
S8 - OTP Enter Email - Label Email,Enter your email address,Ingresa tu correo electrónico,የኢሜይል አድራሻዎን ያስገቡ
S8 - OTP Confirm - Title,Confirm the code sent to your email,Confirma el código que enviamos a tu correo electrónico ,ወደ ኢሜይልዎ የተላከውን ኮድ ያረጋግጡ
S8 - OTP Confirm - Label Code,Enter the 6 digit confirmation code,Ingresa el código de confirmación de 6 dígitos,ባለ 6 አሃዝ የማረጋገጫ ኮድ ያስገቡ
S8 - OTP Confirm - Label Digit 1,Enter first digit of the confirmation code,Ingresa el primer dígito del código de confirmación,የማረጋገጫ ኮዱን የመጀመሪያ አሃዝ ያስገቡ
S8 - OTP Confirm - Label Digit 2,Enter second digit of the confirmation code,Ingresa el segundo dígito del código de confirmación,የማረጋገጫ ኮዱን ሁለተኛ አሃዝ ያስገቡ
S8 - OTP Confirm - Label Digit 3,Enter third digit of the confirmation code,Ingresa el tercer dígito del código de confirmación,የማረጋገጫ ኮዱን ሶስተኛ አሃዝ ያስገቡ
S8 - OTP Confirm - Label Digit 4,Enter fourth digit of the confirmation code,Ingresa el cuarto dígito del código de confirmación,የማረጋገጫ ኮዱን አራተኛ አሃዝ ያስገቡ
S8 - OTP Confirm - Label Digit 5,Enter fifth digit of the confirmation code,Ingresa el quinto dígito del código de confirmación,የማረጋገጫ ኮዱን አምስተኛ አሃዝ ያስገቡ
S8 - OTP Confirm - Label Digit 6,Enter sixth digit of the confirmation code,Ingresa el sexto dígito del código de confirmación,የማረጋገጫ ኮዱን ስድስተኛ አሃዝ ያስገቡ
S8 - OTP Confirm - Invalid Error Message,Enter a valid [6] digit code. Tap here to send a new code.,Ingresa un código válido de [6] dígitos. Toca aquí para enviar un código nuevo,ትክክለኛ [6] አሃዝ ኮድ ያስገቡ። አዲስ ኮድ ለመላክ እዚህ መታ ያድርጉ።
S8 - OTP Confirm - Action Resend,Resend code,Reenviar el código,ኮድ እንደገና ላክ
S8 - OTP Confirm - Action Confirm,Confirm,Confirmar,አረጋግጥ
S8 - OTP Email Message - Sender,DC SUN Bucks,DC SUN Bucks,DC SUN Bucks
S8 - OTP Email Message - Subject,Your DC SUN Bucks Login Code,Tu código de acceso de DC SUN Bucks,የእርስዎ የDC SUN Bucks የመግቢያ ኮድ
S8 - OTP Email Message - Body 1,Use this code to log in to your account.,Usa este código para iniciar sesión en tu cuenta,ወደ መለያዎ ለመግባት ይህንን ኮድ ይጠቀሙ።
S8 - OTP Email Message - Body 2,990011,990011,990011
S8 - OTP Email Message - Body 3,The code will expire in 10 minutes. Do not share this code with anyone.,El código se vence en 10 minutos. No compartas este código con nadie.,ኮዱ በ10 ደቂቃ ውስጥ የአገልግሎት ጊዜው ያበቃል። ይህንን ኮድ ከማንም ጋር አያጋሩ።
S8 - ID Proofing Optional ID Info - Title,"Thank you for confirming your email. To keep your account safe, we need to check your identity","Gracias por confirmar tu correo electrónico. Para mantener tu cuenta segura, necesitamos verificar tu identidad",ኢሜልዎን ስላረጋገጡ እናመሰግናለን። የመለያዎን ደህንነት ለመጠበቅ፣ ማንነትዎን ማረጋገጥ እንፈልጋለን
S8 - ID Proofing Optional ID Info - Body,"By providing your date of birth and one ID number, you consent to sharing this information with our third-party vendor. We will only use these once and not share or save them without your permission.","Al proporcionar tu fecha de nacimiento y un número de identificación, aceptas compartir esta información con nuestro proveedor externo. Solo utilizaremos estos datos una vez y no los compartiremos ni los guardaremos sin tu permiso.",የልደት ቀንዎን እና አንድ የመታወቂያ ቁጥርዎን በማቅረብ፣ ይህንን መረጃ ለሶስተኛ ወገን አቅራቢያችን ለማጋራት ተስማምተዋል። እነዚህን አንድ ጊዜ ብቻ እንጠቀማለን፤ ያለእርስዎ ፈቃድ አናጋራም ወይም አናስቀምጥም።
S8 - ID Proofing Optional ID Info - Label DOB,What's your date of birth?,¿Cuál es tu fecha de nacimiento?,የትውልድ ቀንዎ መቼ ነው?
S8 - ID Proofing Optional ID Info - Helper DOB,"Enter your date of birth, not your student’s. If you’re under 18, contact us to get help managing your family’s DC SUN Bucks benefits.","Ingresa tu fecha de nacimiento, no la de tu estudiante. Si eres menor de 18 años, contáctanos para recibir ayuda para administrar los beneficios de DC SUN Bucks de tu familia.","የእርስዎን የልደት ቀን ያስገቡ፣ የተማሪዎን ሳይሆን። ዕድሜዎ ከ18 ዓመት በታች ከሆነ
፣ የቤተሰብዎን የDC SUN Bucks ጥቅማ-ጥቅሞችን ለማስተዳደር እርዳታ ለማግኘት እኛን ያነጋግሩ።
"
S8 - ID Proofing Optional ID Info - Label SNAP or TANF,Do you receive SNAP or TANF?,¿Recibes SNAP o TANF?,SNAP ወይም TANF ይቀበላሉ?
S8 - ID Proofing Optional ID Info - Label ID,Which ID number can you provide?,¿Qué número de identificación puedes proporcionar?,የትኛውን የመታወቂያ ቁጥር መስጠት ይችላሉ?
S8 - ID Proofing Optional ID Info - Helper ID,!N/A!,!N/A!,!N/A!
S8 - ID Proofing Optional ID Info - Option Label SSN,Social Security Number (SSN),Número de seguro social (SSN),የማህበራዊ ዋስትና ቁጥር (SSN)
S8 - ID Proofing Optional ID Info - Option Label ITIN,Individual Taxpayer ID Number (ITIN),Número de identificación personal del contribuyente (ITIN),የግለሰብ የግብር ከፋይ መታወቂያ ቁጥር (ITIN)
S8 - ID Proofing Optional ID Info - Option Label Medicaid ID,!N/A!,!N/A!,!N/A!
S8 - ID Proofing Optional ID Info - Option Helper Medicaid ID,!N/A!,!N/A!,!N/A!
S8 - ID Proofing Optional ID Info - Option Account ID,SNAP or TANF account ID,ID de la cuenta de SNAP o TANF,የSNAP ወይም የTANF መለያ መታወቂያ
S8 - ID Proofing Optional ID Info - Option Helper Account ID,This number is on your SNAP or TANF letters. It is also on the District Direct site or app. It has 7 or 8 digits.,Este número aparece en las cartas que recibe de SNAP o TANF. También puede encontrarlo en el sitio web o la aplicación de District Direct. Tiene 7 u 8 dígitos.,"ይህ ቁጥር በእርስዎ የSNAP ወይም TANF ደብዳቤዎች
ላይ ይገኛል። እንዲሁም በ ዲስትሪክት ዳይሬክት ድህረ ገጽ
ወይም መተግበሪያ ላይ ይገኛል። ቁጥሩ 7 ወይም 8 አሃዞች
ያሉት ነው።"
S8 - ID Proofing Optional ID Info - Option Person ID,!N/A!,!N/A!,!N/A!
S8 - ID Proofing Optional ID Info - Option Helper Person ID,!N/A!,!N/A!,!N/A!
S8 - ID Proofing Optional ID Info - Label SSN,Enter your Social Security Number (SSN),Ingresa tu número de seguro social (SSN),የማህበራዊ ዋስትና ቁጥርዎን (SSN) ያስገቡ
S8 - ID Proofing Optional ID Info - Label ITIN,Enter your Individual Taxpayer ID Number (ITIN),Ingresa tu número de identificación personal del contribuyente (ITIN),የግለሰብ የግብር ከፋይ መታወቂያ ቁጥርዎን (ITIN) ያስገቡ
S8 - ID Proofing Optional ID Info - Label Medicaid ID,!N/A!,!N/A!,!N/A!
S8 - ID Proofing Optional ID Info - Label Account ID,Enter your SNAP or TANF case number,Ingresa tu número de identificación del caso de SNAP o TANF,የSNAP ወይም የTANF የጉዳይ ቁጥርዎን ያስገቡ
S8 - ID Proofing Optional ID Info - Label Person ID,!N/A!,!N/A!,!N/A!
S8 - Opt-in - Label Email,!N/A!,!N/A!,!N/A!
S8 - Opt-in - Helper Email,!N/A!,!N/A!,!N/A!
S8 - Opt-in - Label DOB,!N/A!,!N/A!,!N/A!
S8 - Opt-in - Helper DOB,!N/A!,!N/A!,!N/A!
S8 - Opt-in - Label Contact Preference,!N/A!,!N/A!,!N/A!
S8 - Opt-in - Option Helper Phone,!N/A!,!N/A!,!N/A!
S8 - Opt-in - Label Enter Phone,!N/A!,!N/A!,!N/A!
S8 - Opt-in - Label Text,!N/A!,!N/A!,!N/A!
S8 - Off-boarding - Title,We want to keep your account safe,Queremos mantener tu cuenta segura,የመለያዎን ደህንነት መጠበቅ እንፈልጋለን
S8 - Off-boarding - Body 1,"In order to confirm your identity we need to ask for additional documentation. On the next screen, we’ll ask you to upload a photo of your ","Para confirmar tu identidad, necesitamos pedir documentación adicional. En la siguiente pantalla, te pediremos que subas una foto de tu",ማንነትዎን ለማረጋገጥ ተጨማሪ ሰነዶችን መጠየቅ አለብን። በሚቀጥለው ማያ ገጽ ላይ የእርስዎን ፎቶ እንዲሰቅሉ እንጠይቅዎታለን
S8 - Off-boarding - Body 2,"driver’s license
foreign passport
or another photo ID","licencia de conducir
pasaporte extranjero
u otra identificación con foto","የመንጃ ፈቃድ
የውጭ አገር ፓስፖርት
ወይም ሌላ የፎቶ መታወቂያ"
S8 - Off-boarding - Body 3,You may be able to skip this step by going back and entering your SNAP or TANF case number. Your case number is also known as a confirmation number. It can be found on SNAP or TANF notices or on the District Direct website or mobile app.,Es posible que puedas saltarte este paso si regresas e ingresas tu número de identificación del caso de SNAP o TANF. Tu número de caso también se conoce como número de confirmación. Se encuentra en los avisos de SNAP o TANF o en el sitio web o la aplicación móvil de District Direct.,ወደ ኋላ ሄደው የSNAP ወይም የTANF የጉዳይ ቁጥርዎን በማስገባት ይህንን ደረጃ መዝለል ይችላሉ። የጉዳይ ቁጥርዎ የማረጋገጫ ቁጥር በመባልም ይታወቃል። በSNAP ወይም በTANF ማስታወቂያዎች ወይም በዲስትሪክት ዳይሬክት ድህረ ገጽ ወይም በሞባይል መተግበሪያ ላይ ማግኘት ይቻላል።
S8 - Off-boarding - Body 4,"If you don’t have a case number, you can use your Social Security Number (SSN) or ITIN instead.","Si no tienes un número de caso, puedes usar tu número de Seguro Social (SSN) o tu ITIN.",የጉዳይ ቁጥር(case number)፣  ከሌለዎት፣ በምትኩ የማህበራዊ ዋስትና ቁጥርዎን (SSN) ወይም ITIN መጠቀም ይችላሉ።
S8 - Off-boarding - Details ID,Why we ask for an ID number,Por qué pedimos un número de identificación,የመታወቂያ ቁጥር ለምን እንጠይቃለን
S8 - Off-boarding - Details ID Body,"We use an ID number to confirm your identity by checking it against public records. This helps protect your information by making sure the number belongs to you and is not being used fraudulently.

We only do this check once, and we do not save the ID number you provide.","Usamos un número de identificación para confirmar tu identidad al compararlo con registros públicos. Esto ayuda a proteger tu información al asegurarnos de que el número te pertenece y que no se está usando de manera fraudulenta.

Solo hacemos esta verificación una vez y no guardamos el número de identificación que proporcionas.","ያቀረቡትን የመታወቂያ ቁጥርን ከሕዝብ መዝገቦች ጋር በማነፃፀር የእርስዎን ማንነትዎን ለማረጋገጥ እንጠቀማለን። ይህ ቁጥር የእርስዎ መሆኑን እና በማጭበርበር ጥቅም ላይ እየዋለ አለመሆኑን በማረጋገጥ መረጃዎን ለመጠበቅ ይረዳል።

ይህንን ማረጋገጫ የምናደርገው አንድ ጊዜ ብቻ ነው፣ እና እርስዎ የሰጡትን የመታወቂያ ቁጥር አናስቀምጥም።"
S8 - Off-boarding - Action,Enter an ID number,Ingresa un número de identificación ,የመታወቂያ ቁጥር ያስገቡ
S8 - Co-loaded Off-boarding - Title,"We're sorry, we aren't able to show your DC SUN Bucks information ","Lo sentimos, no podemos mostrar tu información de DC SUN Bucks",ይቅርታ፣ የDC SUN Bucks መረጃዎን ማሳየት አልቻልንም።
S8 - Co-loaded Off-boarding - Body 1,"You can go back to enter an ID number, or contact us if you need more help.",Puedes volver e ingresar un número de identificación adicional o contactarnos si necesitas más ayuda,የመታወቂያ ቁጥር ለማስገባት መመለስ ይችላሉ ወይም ተጨማሪ እርዳታ ከፈለጉ እኛን ያነጋግሩን።
S8 - Co-loaded Off-boarding - Action 1,Contact us,Contáctanos,ያግኙን
S8 - Co-loaded Off-boarding - Body 2,"If you’re not sure what to do, or you want to apply for DC SUN Bucks, we can help you find out if you need to apply for your student. Tap “Apply now” and enter their information.","Si no estás seguro de qué hacer, o si quieres enviar una solicitud para DC SUN Bucks, te podemos ayudar a saber si necesitas aplicar para tu estudiante. Toca “Aplica ahora” y escribe la información de tu estudiante.","ምን ማድረግ እንዳለብዎት እርግጠኛ ካልሆኑ ወይም ለDC SUN Bucks ማመልከት ከፈለጉ፣ ለተማሪዎ ማመልከት ያስፈልግዎት እንደሆነ እንዲያውቁ ልንረዳዎ እንችላለን። ""አሁን አመልክት"" የሚለውን ጠቅ ያድርጉ እና መረጃቸውን ያስገቡ።"
S8 - Co-loaded Off-boarding - Action 2,Apply now,Aplica ahora,አሁኑኑ ያመልክቱ
S8 - Authentication Failure - Alert,!N/A!,!N/A!,
S9 - Opt-in - Title,!N/A!,!N/A!,!N/A!
S9 - Opt-in - Body,!N/A!,!N/A!,!N/A!
S9 - Opt-in - Text Description,!N/A!,!N/A!,!N/A!
S9 - Sign In - Alert,Signing in,"Un momento, estamos iniciando tu sesión",መግባት
S9 - Email - Title,Would you like to get DC SUN Bucks notices by email [at [email]@[domain]] instead of by physical mail?,¿Te gustaría recibir los avisos de DC SUN Bucks por correo electrónico [a [email]] en lugar de por correo postal?,የDC SUN Bucks ማስታወቂያዎችን በአካላዊ ደብዳቤ ከማግኘት ይልቅ በኢሜል [በ [email]@[domain]] ማግኘት ይፈልጋሉ?
S9 - Email - Title 2,!N/A!,!N/A!,!N/A!
S9 - Email - Body,!N/A!,!N/A!,!N/A!
S9 - Enter Email - Enter Label,!N/A!,!N/A!,!N/A!
S9 - Enter Email - Confirm Label,!N/A!,!N/A!,!N/A!
S9 - Text - Title,Would you like to get text messages about your DC SUN Bucks account?,¿Te gustaría recibir mensajes de texto sobre tu cuenta de DC SUN Bucks?,ስለ DC SUN Bucks መለያዎ የጽሑፍ መልዕክቶችን ማግኘት ይፈልጋሉ?
S9 - Text - Which Phone Label,Is ([999]) [999]-[9999] the best phone number to text you?,¿Es ([999]) [999]-[9999] el mejor número de teléfono para enviarte mensajes de texto?,([999]) [999]-[9999] ለእርስዎ መልእክት ለመላክ በጣም ጥሩው የስልክ ቁጥር ነው?
S9 - Text - Enter Label,Enter the best phone number to text you,Ingresa el mejor número de teléfono para enviarte mensajes de texto,መልእክት ለመላክ ምርጡን የስልክ ቁጥር ያስገቡ
S9 - Text - Enter Helper,This phone number needs to be able to receive text messages.,Este número de teléfono tiene que poder recibir mensajes de texto.,ይህ የስልክ ቁጥር የጽሑፍ መልዕክቶችን መቀበል መቻል አለበት።
S9 - Text - Confirm Label,Confirm phone number,Confirma el número de teléfono,የስልክ ቁጥር ያረጋግጡ
S9 - Language - Title,Which language do you prefer to be contacted in?,¿En qué idioma prefieres que te contactemos?,በየትኛው ቋንቋ እንድናነጋግርዎት ይመርጣሉ?
S9 - Language - Label Select Language,Select a language,Selecciona un idioma,ቋንቋ ይምረጡ
S9 - Language - Action,Continue to my account,Continuar a mi cuenta,ወደ መለያዬ ቀጥል
S10 - Step-up Disclaimer - Title,!N/A!,!N/A!,!N/A!
S10 - Step-up Disclaimer - Body,!N/A!,!N/A!,!N/A!
S10 - Step-up Disclaimer - Details Help,!N/A!,!N/A!,!N/A!
S10 - Step-up Disclaimer - Details Help Body,!N/A!,!N/A!,!N/A!
S10 - Step-up Disclaimer - Details Help Action,!N/A!,!N/A!,!N/A!
S10 - Step-up Disclaimer - Action,!N/A!,!N/A!,!N/A!
S10 - Step-up Processing - Title,!N/A!,!N/A!,!N/A!
S10 - Step-up Processing - Body,!N/A!,!N/A!,!N/A!
S10 - Step-up Failure - Title,!N/A!,!N/A!,!N/A!
S10 - Step-up Failure - Body,!N/A!,!N/A!,!N/A!
S10 - Step-up Failure - Action,!N/A!,!N/A!,!N/A!
S11 - 404 Enrollment Checker - Title,"We’re sorry, we can’t find the page you have been sent to","Lo sentimos, no podemos encontrar la página a la que ha sido redirigido",ይቅርታ እንጠይቃለን፣ የተላኩበትን ገጽ ማግኘት አልቻልንም።
S11 - 404 Enrollment Checker - Body 1,"If you’re not sure what to do, or you want to apply for DC SUN Bucks, we can help you find out if you need to apply for your student. Tap “Apply now” and enter their information.","Si no estás seguro de qué hacer, o si quieres enviar una solicitud para DC SUN Bucks, te podemos ayudar a saber si necesitas aplicar para tu estudiante. Toca “Aplica ahora” y escribe la información de tu estudiante.","ምን ማድረግ እንዳለብዎት እርግጠኛ ካልሆኑ፣ ወይም ለDC SUN Bucks ማመልከት ከፈለጉ፣ ለተማሪዎ ማመልከት ያስፈልግዎት እንደሆነ እንዲያውቁ ልንረዳዎት እንችላለን። ""አሁን አመልክት"" “Apply now” የሚለውን በመንካት መረጃቸውን ያስገቡ።"
S11 - 404 Enrollment Checker - Action,Apply now,Aplica ahora,አሁኑኑ ያመልክቱ
S11 - 404 Portal - Title,"We’re sorry, we can’t find the page you have been sent to","Lo sentimos, no podemos encontrar la página a la que ha sido redirigido",ይቅርታ እንጠይቃለን፣ የተላኩበትን ገጽ ማግኘት አልቻልንም።
S11 - 404 Portal - Body 1,"If you’re not sure what to do, you may return to the portal dashboard or contact us for assistance.","Si no estás seguro de qué hacer, puedes regresar al panel del portal o comunicarte con nosotros para recibir ayuda.",ምን ማድረግ እንዳለብዎት እርግጠኛ ካልሆኑ፣ ወደ ፖርታል ዳሽቦርድ መመለስ ወይም ለእርዳታ እኛን ማግኘት ይችላሉ።
S11 - 404 Portal - Action 1,Go to the dashboard,Ir al panel del portal,ወደ ዳሽቦርዱ ይሂዱ
S11 - 404 Portal - Action 2,Contact us,Contáctanos,ያግኙን
S9 - Outage Page - Body 1,We are down for maintenance and will be back up shortly,Estamos en mantenimiento y volveremos en breve.,ለጥገና ዝግጁ ነን እና በቅርቡ እንመለሳለን
S9 - Outage Page - Body 2,Try waiting a few hours and come back to this page.,Le rogamos que espere unas horas y vuelva a esta página.,ጥቂት ሰዓታትን ጠብቅና ወደዚህ ገጽ ተመለስ።
S9 - Outage Page - Footer,"For more information, visit","Para más información, visite",ለተጨማሪ መረጃ፣ ይጎብኙ
S11 - Maintenance Enrollment Checker - Title,"We’re sorry, we can’t check if you need to apply right now. Try again later","Lo sentimos, por ahora no podemos revisar si necesitas aplicar. Vuelve a intentarlo más tarde",ይቅርታ እንጠይቃለን፣ አሁኑኑ ማመልከት ያስፈልግዎት እንደሆነ ማረጋገጥ አንችልም። በኋላ እንደገና ይሞክሩ
S11 - Maintenance Enrollment Checker - Body 1,"If you’re not sure what to do, you may return to the DC SUN Bucks website or contact us for assistance.","Si no estás seguro de qué hacer, puedes regresar al sitio web de DC SUN Bucks o comunicarte con nosotros para recibir ayuda.",ምን ማድረግ እንዳለብዎት እርግጠኛ ካልሆኑ፣ ወደ DC SUN Bucks ድህረ-ገጽ መመለስ ወይም ለእርዳታ እኛን ማግኘት ይችላሉ።
S11 - Maintenance Enrollment Checker - Action 1,Go to sunbucks.dc.gov,Visita sunbucks.dc.gov,ወደ sunbucks.dc.gov ይሂዱ
S11 - Maintenance Enrollment Checker - Action 2,Contact us,Contáctanos,ያግኙን
S11 - Maintenance Portal - Title,"We’re sorry, DC SUN Bucks accounts aren’t available right now. Try again later.","Lo sentimos, las cuentas de DC SUN Bucks no están disponibles en este momento. Inténtalo de nuevo más tarde.",ይቅርታ እንጠይቃለን፣ የDC SUN Bucks አካውንቶች አሁን አይገኙም። በኋላ እንደገና ይሞክሩ።
S11 - Maintenance Portal - Body 1,"If you’re not sure what to do, you may return to the DC SUN Bucks website or contact us for assistance.","Si no estás seguro de qué hacer, puedes regresar al sitio web de DC SUN Bucks o comunicarte con nosotros para recibir ayuda.",ምን ማድረግ እንዳለብዎት እርግጠኛ ካልሆኑ፣ ወደ DC SUN Bucks ድህረ-ገጽ መመለስ ወይም ለእርዳታ እኛን ማግኘት ይችላሉ።
S11 - Maintenance Portal - Action 1,Go to sunbucks.dc.gov,Visita sunbucks.dc.gov,ወደ sunbucks.dc.gov ይሂዱ
S11 - Maintenance Portal - Action 2,Contact us,Contáctanos,ያግኙን
GLOBAL - Program Name,DC SUN Bucks,DC SUN Bucks,DC SUN Bucks
GLOBAL - Banner Image Alt Text,Logo: DC SUN Bucks,Logo: DC Sun Bucks,አርማ፦ DC SUN Bucks
GLOBAL - Language,!N/A!,!N/A!,!N/A!
GLOBAL - Label - Languages,!N/A!,!N/A!,!N/A!
GLOBAL - Label - Translate,Translate,Traducir,ተርጉም
GLOBAL - Options - Languages,"English
Español (Spanish)
አማርኛ (Amharic)","English (inglés)
Español
 አማርኛ (Amárico)","English (እንግሊዘኛ)
Español (ስፓኒሽ)
አማርኛ"
GLOBAL - Language - English,English,Inglés (English),English (እንግሊዘኛ)
GLOBAL - Language - Español,Español (Spanish),Español,Español (ስፓኒሽ)
GLOBAL - Language - Amharic,አማርኛ (Amharic), አማርኛ (Amárico),አማርኛ
GLOBAL - Address Format,"[Street address line 1]
[Street address line 2]
[City], [State] [ZIP Code]","[Dirección linea 1]
[Dirección linea 2]
[Ciudad], [Estado] [Código postal]","[Street address line 1]
[Street address line 2]
[City]፣ [State] [ZIP Code]"
GLOBAL - Label First name,First name,Nombre,መጠሪያ ስም
GLOBAL - Helper Text - Legally as it appears,"Legally as it appears on official documents, e.g. birth certificate","Legalmente como aparece en documentos oficiales, ej. acta de nacimiento.",በሕጋዊ መንገድ በይፋዊ ሰነዶች ላይ እንደሚታየው፣ ለምሳሌ የልደት የምስክር ወረቀት
GLOBAL - Label Middle name,Middle name,Segundo nombre,የአባት ስም
GLOBAL - Helper Text - Optional,Optional. If they have one.,Opcional. Si tienes uno.,አማራጭ። ካላቸው።
GLOBAL - Label Last name,Last name,Apellido,የአያት ስም
GLOBAL - Action - Continue,Continue,Continuar ,ቀጥል
GLOBAL - Action - Submit,Submit,Enviar,አስገባ
GLOBAL - Placeholder - Select one,- Select one -,- Selecciona una opción-,-አንዱን ይምረጡ-
GLOBAL - Options - January - February,"January

February

March

April

May

June

July

August

September

October

November

December","enero

febrero

marzo

abril

mayo

junio

julio

agosto

septiembre

octubre

noviembre

diciembre","ጃንዋሪ

ፌብሯሪ

ማርች

ኤፕሪል

ሜይ

ጁን

ጁላይ

ኦገስት

ሴፕቴምበር

ኦክቶበር

ኖቬምበር

ዲሴምበር"
GLOBAL - Options - January,January,"enero

",ጃንዋሪ
GLOBAL - Options - February,February,febrero,ፌብሯሪ
GLOBAL - Options - March,March,marzo,ማርች
GLOBAL - Options - April,April,abril,ኤፕሪል
GLOBAL - Options - May,May,mayo,ሜይ
GLOBAL - Options - June,June,junio,ጁን
GLOBAL - Options - July,July,julio,ጁላይ
GLOBAL - Options - August,August,agosto,ኦገስት
GLOBAL - Options - September,September,septiembre,ሴፕቴምበር
GLOBAL - Options - October,October,octubre,ኦክቶበር
GLOBAL - Options - November,November,noviembre,ኖቬምበር
GLOBAL - Options - December,December,diciembre,ዲሴምበር
GLOBAL - Option - None of the above,None of the above,Ninguna de las anteriores,ከላይ ካሉት የትኛውም አይደለም
GLOBAL - Required Fields,Asterisks (*) indicate a required field.,Los asteriscos (*) indican que es un campo requerido.,ኮከቦች (*) አስፈላጊ መሞላት የሚገባቸውን ቦታዎች ያመላክታል።
GLOBAL - Helper Select at least one,Select at least one option.,Selecciona por lo menos una opción.,ቢያንስ አንድ አማራጭ ይምረጡ።
GLOBAL - Email,Email,Correo electrónico,ኢሜይል
GLOBAL - Phone,Phone,Teléfono,ስልክ ቁጥር
GLOBAL - Physical mail,Physical mail,Correo físico,አካላዊ ደብዳቤ
GLOBAL - Email address,Email address,Correo electrónico,ኢሜይል አድራሻ
GLOBAL - Phone number,Phone number,Número de teléfono,የስልክ ቁጥር
GLOBAL - Label Send Cards to Preferred Address,Do you want us to send DC SUN Bucks cards for all of your enrolled students to your preferred address?,¿Quieres que enviemos las tarjetas de DC SUN Bucks para todos tus estudiantes inscritos a tu dirección de preferencia?,ለተመዘገቡ ተማሪዎችዎ በሙሉ የ DC SUN Bucks ካርዶችን ወደመረጡት አድራሻ እንድንልክልዎ ይፈልጋሉ?
GLOBAL - Co-loaded Card Helper,"If your family uses a SNAP or TANF EBT card to spend your student's DC SUN Bucks, you cannot order a replacement card here.","Si tu estudiante es elegible para DC SUN Bucks a través de la participación en SNAP o Colorado Works (TANF), no recibirá una tarjeta de DC SUN Bucks.",ቤተሰብዎ የተማሪዎን የ DC SUN Bucks ገንዘብ ለማውጣት የSNAP ወይም የTANF EBT ካርድ የሚጠቀሙ ከሆነ፣ እዚህ ምትክ ካርድ ማዘዝ አይችሉም።
GLOBAL - Co-loaded Card Helper Link,Tap here to learn how to replace SNAP or TANF EBT cards,Toca aquí para aprender cómo reemplazar las tarjetas EBT de SNAP o TANF,የSNAP ወይም የTANF EBT ካርዶችን እንዴት መተካት እንደሚችሉ ለማወቅ እዚህ መታ ያድርጉ
GLOBAL - Yes,Yes,Sí,አዎ
GLOBAL - No,No,No,አይ
GLOBAL - Action - Back,Back,Regresar,ይመለሱ
GLOBAL - Label - Select One,Select one,Selecciona una opción,አንዱን ይምረጡ
GLOBAL - Street Address,Street address,Dirección,የጎዳና አድራሻ
GLOBAL - Helper Street Address,"Include direction, NW, NE, SE, or SW.","Incluye la dirección: NO, NE, SE o SO.",አቅጣጫን፣ NW፣ NE፣ SE ወይም SWን ያካትቱ።
GLOBAL - Street Address 2,Street address line 2,"Dirección, línea 2",የመንገድ አድራሻ መስመር 2
GLOBAL - Helper Street Address 2,"For example, an apartment number, unit number, floor, or PO Box.","Por ejemplo, número de apartamento, número de unidad, piso o apartado postal",ለምሳሌ፣ የአፓርታማ ቁጥር፣ የክፍል ቁጥር፣ ወለል ወይም የፖስታ ሳጥን።
GLOBAL - City,City,Ciudad,ከተማ
GLOBAL - Default City,Washington,Washington,Washington (ዋሺንግተን)
GLOBAL - State or Territory,State or territory,Estado o territorio,ክፍለ ሀገር ወይም ግዛት
GLOBAL - Default State or Territory,District of Columbia,Distrito de Columbia,የኮሎምቢያ ግዛት (District of Columbia)
GLOBAL - ZIP Code,ZIP Code,Código postal,ZIP ኮድ
GLOBAL - Label Make Preferred Mailing Address,Do you want to make this your preferred mailing address?,¿Quieres que esta sea tu dirección de correspondencia de preferencia?,ይህንን የመረጡት የፖስታ አድራሻ ማድረግ ይፈልጋሉ?
GLOBAL - Apply Online,Apply online,Aplicar en línea,በመስመር ላይ ያመልክቱ
GLOBAL - Apply Online Link,,,
GLOBAL - Sign Up,Sign up,Regístrate,ይመዝገቡ
GLOBAL - Download Application,Download Application,Descargar la aplicación,ማመልከቻ አውርድ
GLOBAL - Action - Log In,Log in,Iniciar sesión,ግባ
GLOBAL - Action - Log In Esp,Iniciar sesión,Log in ,Iniciar sesión
GLOBAL - Label - Suggested Address,Suggested address,Dirección sugerida,የተጠቆመ አድራሻ
GLOBAL - Label - Address Entered,Address you entered,La dirección que ingresaste,ያስገቡት አድራሻ
GLOBAL - Label - Select All,Select all that apply,Selecciona todas las que correspondan,የሚመለከተውን ሁሉ ይምረጡ
GLOBAL - Text,Text,Texto,መልዕክት
GLOBAL - Title FAQs,!N/A!,!N/A!,!N/A!
GLOBAL - Link FAQs,FAQs,Preguntas frecuentes,በተደጋጋሚ የተጠየቁ ጥያቄዎች
GLOBAL - Title Contact Us,!N/A!,!N/A!,!N/A!
GLOBAL - Link Contact Us,Contact Us,Contáctanos,ያግኙን
GLOBAL - Link Contact Us 2,!N/A!,!N/A!,!N/A!
GLOBAL - Link Public Notices,Public Notifications,Notificaciones públicas,የህዝብ ማሳወቂያዎች
GLOBAL - Title Accessibility,!N/A!,!N/A!,!N/A!
GLOBAL - Body Accessibility,!N/A!,!N/A!,!N/A!
GLOBAL - Link Accessibility,Accessibility,Accesibilidad,ተደራሽነት
GLOBAL - Link Privacy Policy,Privacy and Security,Privacidad y seguridad,ግላዊነት እና ደህንነት
GLOBAL - Link Google Translate,Google Translate Disclaimer,Aviso legal del Traductor de Google,የጉግል ትርጉም ማሳሰቦያ
GLOBAL - Link About,About DC.GOV,Acerca de DC.GOV,ስለ DC.GOV
GLOBAL - Link Terms,Terms and Conditions,Términos y condiciones,ውሎች እና ደንቦች
GLOBAL - Copyrite,© 2026 District of Columbia,© 2026 Distrito de Columbia,© 2026 የኮሎምቢያ ዲስትሪክት
GLOBAL - Alert Sitewide,Benefits will be issued in June. Check back in this portal for details regarding your enrolled students and their EBT cards.,Los beneficios serán emitidos a finales de junio. Vuelve a revisar el portal en esas fechas para ver los detalles sobre tus niños inscritos y sus tarjetas de EBT.,ጥቅማጥቅሞች በሰኔ ውስጥ ይሰጣሉ። የተመዘገቡ ተማሪዎችዎን እና የኢቢቲ ካርዶቻቸውን በተመለከተ ዝርዝሮችን ለማግኘት በዚህ ፖርታል ውስጥ ተመልሰው ይመልከቱ።
GLOBAL - Alert Beta,This site is currently in beta. Some features may be incomplete or missing.,Este sitio está actualmente en versión beta. Es posible que algunas funciones estén incompletas o no disponibles.,ይህ ጣቢያ በአሁኑ ጊዜ በቅድመ-ይሁንታ ላይ ነው። አንዳንድ ባህሪያት ያልተሟሉ ወይም የጎደሉ ሊሆኑ ይችላሉ።
GLOBAL - Alert Issue Pending,Benefits will be issued in June. Check back in this portal for details regarding your enrolled students and their EBT cards.,Los beneficios serán emitidos a finales de junio. Vuelve a revisar el portal en esas fechas para ver los detalles sobre tus niños inscritos y sus tarjetas de EBT.,ጥቅማጥቅሞች በሰኔ ውስጥ ይሰጣሉ. የተመዘገቡ ተማሪዎችዎን እና የኢቢቲ ካርዶቻቸውን በተመለከተ ዝርዝሮችን ለማግኘት በዚህ ፖርታል ውስጥ ተመልሰው ይመልከቱ።
GLOBAL - Remove,!N/A!,!N/A!,
GLOBAL - Processing,Please wait,"Por favor, espera...",እባክዎ ይጠብቁ
VALIDATION - Summary,"We're sorry. Some required questions aren't filled or we can't accept some of the answers. We'll be able to continue your application once these issues are fixed.

If you need additional support (especially in a language other than English or español), please contact us.","Lo sentimos. Algunas preguntas requeridas no están completas o no podemos aceptar algunas de las respuestas. Podremos continuar con tu solicitud una vez que se solucionen estos problemas. Si necesitas apoyo adicional (especialmente en un idioma distinto de inglés o español), comunícate con nosotros.","ይቅርታ እንጠይቃለን። አንዳንድ የሚፈለጉ ጥያቄዎች አልተሟሉም ወይም አንዳንዶቹን መልሶች መቀበል አንችልም። እነዚህ ችግሮች ከተስተካከሉ በኋላ ማመልከቻዎን መቀጠል እንችላለን።

ተጨማሪ ድጋፍ ከፈለጉ (በተለይም ከእንግሊዝኛ ወይም ከስፓኒሽ ቋንቋ ውጪ)፣ እባክዎ ያግኙን።"
VALIDATION - Required,This is required,Esto es requerido,ይህ ያስፈልጋል
VALIDATION - Select Option,Select an option,Selecciona una opción,አንድ አማራጭ ይምረጡ
VALIDATION - Enter Phone,"Provide a valid phone number, including the area code","Ingresa un número de teléfono válido, incluyendo el código de área",የአካባቢውን ኮድ ጨምሮ ትክክለኛ የስልክ ቁጥር ያቅርቡ
VALIDATION - Enter ZIP,Provide a valid ZIP Code with at least five numbers,Ingresa un código de área válido con por lo menos cinco números,ቢያንስ አምስት ቁጥሮች ያሉት ትክክለኛ ዚፕ ኮድ ያቅርቡ
VALIDATION - Valid Date,Enter a valid date,Ingresa una fecha válida,ትክክለኛ ቀን ያስገቡ
VALIDATION - Select Month,Select a month,Selecciona un mes,ወር ይምረጡ
VALIDATION - Enter Day,Provide a day using one or two numbers,Escribe un día usando uno o dos números,አንድ ወይም ሁለት ቁጥሮችን በመጠቀም ቀን ያቅርቡ
VALIDATION - Enter Year,Provide a year using four numbers,Escribe un año usando cuatro números.,አራት ቁጥሮችን በመጠቀም ዓመት ያቅርቡ
VALIDATION - Select Year,Select a year,Selecciona un año,ዓመት ይምረጡ
VALIDATION - Enter Email,Provide a valid email address,Ingresa un correo electrónico válido,ትክክለኛ የኢሜይል አድራሻ ያቅርቡ
VALIDATION - SSN,Provide a valid Social Security Number with 9 numbers,Ingrese un número de Seguro Social válido con nueve números,9 ቁጥሮች ያሉት ትክክለኛ የማህበራዊ ዋስትና ቁጥር  (SSN)ያቅርቡ
VALIDATION - ID Number,Provide a valid ID number that is 7 or 8 digits long,Proporciona un número de identificación válido de 7 u 8 dígitos,7 ወይም 8 አሃዞች ርዝመት ያለው ትክክለኛ የመታወቂያ ቁጥር ያቅርቡ
VALIDATION - OTP Invalid,Enter a valid [6] digit code. Tap here to send a new code.,Ingresa un código válido de 6 dígitos. Toca aquí para enviar un nuevo código,ትክክለኛ [6] አሃዝ ኮድ ያስገቡ። አዲስ ኮድ ለመላክ እዚህ መታ(ይጫኑ) ያድርጉ።
VALIDATION - Global Internal Error,An error occurred on our end. Please try again.,"Ocurrió un error de nuestro lado. Por favor, inténtalo de nuevo.",በእኛ በኩል ስህተት ተፈጥሯል። እባክዎ እንደገና ይሞክሩ።
VALIDATION - Global Sign-in Error,There was an issue signing in. Please try again.,"Hubo un problema al iniciar sesión. Por favor, inténtalo de nuevo.",በመግባት ላይ ችግር ነበር። እባክዎ እንደገና ይሞክሩ።
VALIDATION - New Code,A new code has been sent to your email.,Se ha enviado un nuevo código a tu correo electrónico.,አዲስ ኮድ ወደ ኢሜልዎ ተልኳል።
DEV - Loading,Loading...,Cargando...,በመጫን ላይ...
DEV - Error Prefix,Error ID:,ID de error:,የስህተት መለያ፦
DEV - Log In Refresh,Log in again,Inicia sesión de nuevo,እንደገና ይግቡ
DEV - Alert Session,Session expired,La sesión ha expirado,ክፍለ ጊዜው አልፎበታል
DEV - Alert Session Client,Your session has expired. Please log in again to continue.,Tu sesión ha expirado. Vuelve a iniciar sesión para continuar.  ,ክፍለ ጊዜዎ አልፎበታል። ለመቀጠል እባክዎ እንደገና ይግቡ።
DEV - Alert Try Again,Try again,Intentar otra vez,እንደገና ይሞክሩ
DEV - Alert More Entries,{{count}} more entries,{{count}} entradas más,{{count}} ተጨማሪ ግቤቶች
DEV - Alert Suggestion,{{count}} suggestion available,{{count}} sugerencia disponible,{{count}} ጥቆማ ይገኛል (አስተያየት ወይም ጥቆማ ካለ)
DEV - Alert Enter Different Address,This address is not available for {{currentState === 'dc' ? 'DC SUN Bucks' : 'Summer EBT'}} card delivery. Please enter a different mailing address.,"Esta dirección no está disponible para la entrega de la tarjeta de {{currentState === 'dc' ? 'DC SUN Bucks' : 'Summer EBT'}}. Por favor, ingresa una dirección postal diferente.",ካርድ ማድረስ ይህ አድራሻ ለ{{currentState === 'dc' ? 'DC SUN Bucks' : ''Summer EBT'}} አይገኝም። እባክዎ የተለየ የፖስታ አድራሻ ያስገቡ።
DEV - Alert Address Unusable,This address can't be used,Esta dirección no se puede utilizar.,ይህ አድራሻ ጥቅም ላይ ሊውል አይችልም (ይህ አድራሽ መጠቀም አይቻልም)
DEV - Alert No Retry,We couldn't start a retry. Please try again in a moment.,"No pudimos iniciar un reintento. Por favor, inténtalo de nuevo en un momento.",እንደገና መሞከር መጀመር አልቻልንም (እንደገና ለመሞከር መጀመር አልቻልንም)። እባክዎ ከአፍታ በኋላ እንደገና ይሞክሩ።
DEV - Alert Doc Verify,Something went wrong starting document verification. Please try again.,"Algo salió mal al iniciar la verificación del documento. Por favor, inténtalo de nuevo.",የሰነድ ማረጋገጫን በመጀመር ላይ የሆነ ችግር ተፈጥሯል። እባክዎ እንደገና ይሞክሩ።
DEV - Alert Verify Identity,We weren't able to verify your identity from the document you uploaded.,No pudimos verificar tu identidad con el documento que subiste.,ከሰቀሉት(ከጫኑት) ሰነድ ማንነትዎን ማረጋገጥ አልቻልንም።
DEV - Alert Starting Retry,Starting retry...,Iniciando reintento...,እንደገና መሞከር ጀምሯል...
DEV - Alert Status,Check status,Verificar estado,ሁኔታውን ያረጋግጡ
DEV - Alert Verification,Verification status,Estado de verificación,የማረጋገጫ ሁኔታ
DEV - Alert Keep Page Open,This may take a moment. Please don't close this page.,"Esto puede tardar un momento. Por favor, no cierres esta página.",ይህ ትንሽ ጊዜ ሊወስድ ይችላል። እባክዎ ይህንን ገጽ አይዝጉት።
DEV - Alert Verify Document,Verifying your document...,Verificando tu documento...,ሰነድዎን በማረጋገጥ ላይ...
DEV - Alert Check Verification,Checking verification status,Comprobando el estado de verificación,የማረጋገጫ ሁኔታን በመፈተሽ ላይ
DEV - Alert Verification Delay,Verification is taking longer than expected. You can check the status or try again later.,La verificación está tardando más de lo esperado. Puedes verificar el estado o intentarlo de nuevo más tarde.,ማረጋገጫ ከሚጠበቀው በላይ ጊዜ እየወሰደ ነው። ሁኔታውን ማረጋገጥ ወይም በኋላ ላይ እንደገና መሞከር ይችላሉ።
DEV - Alert Still Checking,We're still checking your document,Todavía estamos revisando tu documento,ሰነድዎን አሁንም እያጣራን ነው
DEV - Alert Verification Retry,Unable to start document verification. Please try again.,"No se pudo iniciar la verificación del documento. Por favor, inténtalo de nuevo.",የሰነድ ማረጋገጫ መጀመር አልተቻለም። እባክዎ እንደገና ይሞክሩ።
DEV - Enrollment Checker Error Response,"We’re sorry, we can’t check if you need to apply right now. Try again later","Lo sentimos, por ahora no podemos revisar si necesitas aplicar. Vuelve a intentarlo más tarde",ይቅርታ እንጠይቃለን፣ አሁኑኑ ማመልከት ያስፈልግዎት እንደሆነ ማረጋገጥ አንችልም። በኋላ እንደገና ይሞክሩ
S1 - Landing Page - Closed - Title,Enrollment for 2026 is now closed,La inscripción de 2026 ya cerró.,የ2026 ምዝገባ አሁን ተዘግቷል
S1 - Landing Page - Closed - Subtitle,We can tell you if your student received DC SUN Bucks for Summer 2026.,Podemos decirte si tu estudiante recibió DC SUN Bucks durante el verano de 2026.,ተማሪዎ ለ2026 የበጋ ወቅት DC SUN Bucks’ን ተቀብለው ከሆነ ልንነግርዎት እንችላለን።
S1 - Landing Page - Closed - Body,"Enrolled students received **one $120 payment** or summer groceries. Most eligible families got their payment automatically, and some needed to submit an application.

**Benefits expire 122 days (4 months) after they are issued**.  If your student received benefits, make sure to use them before they expire.

Tap ""Check enrollment"" and enter your student’s information to see if they were enrolled.","Los estudiantes inscritos recibieron **un pago único de $120** o comprar alimentos para el verano. La mayoría de las familias que califican recibieron su pago automáticamente y algunas tuvieron que aplicar.

**Los beneficios vencen 122 días (4 meses) después de la fecha de emisión.** Si tu estudiante recibió beneficios, asegúrate de usarlos antes de que venzan.

Toca “Verificar inscripción” e ingresa la información de tu estudiante para saber si fue inscrito.","በፕሮግራሙ የተመዘገቡ ተማሪዎች **$120 የሚሆን አንድ ክፍያ** ወይም ለበጋ ወቅት የሚሆን የግሮሰሪ አገልግሎት ተቀብለዋል። አብዛኛዎቹ ብቁ የሆኑ ቤተሰቦች ክፍያቸውን በራስ-ሰር ያገኛሉ፣ሲሆን፣ አንዳንዶቹ ደግሞ ማመልከቻ ማስገባት ነበረባቸው።

**ጥቅማ-ጥቅሞቹ ከተሰጡበት ቀን ጀምሮ ከወጡ በኋላ ከ122 ቀናት (4 ወራት) በኋላ ጊዜያቸው ያልፋል**። ተማሪዎ ጥቅማ-ጥቅሞችን ተቀብለው ከሆነ፣ ጊዜያቸው ከማለፉ በፊት መጠቀምዎን ያረጋግጡ።

ተመዝግበው እንደሆነ ለማየት፣መመዝገቡን/መመዝገቧን   ለማረጋገጥ ""Check enrollment"" የሚለውን ይጫኑ  እና የተማሪዎን መረጃ ያስገቡ።
"
S1 - Landing Page - Closed - Action,Check enrollment,Verificar inscripción,ምዝገባን ያረጋግጡ
S1 - Landing Page - Closed - Action Español,Verificar inscripción,Check enrollment,Verificar inscripción
S1 - Landing Page - Closed - Action Amharic,ምዝገባን ያረጋግጡ,ምዝገባን ያረጋግጡ,Check enrollment
S1 - Landing Page - Closed - Accordion Title,!N/A!,!N/A!,!N/A!
S1 - Landing Page - Closed - Body 2,"**The application for 2026 benefits closed August 23, 2026.**",**La aplicación para los beneficios de 2026 cerró el 23 de agosto de 2026.**,**የ2026 ጥቅማ-ጥቅሞች ማመልከቻ ኦገስት 23፣ 2026 ተዘግቷል።**
S1 - Landing Page - Closed - Body 3,Families of automatically enrolled students and approved applicants were contacted by mail or email.,Las familias de estudiantes inscritos automáticamente y las personas cuyas aplicaciones fueron aprobadas recibieron un aviso por correo postal o electrónico.,በራስ-ሰር የተመዘገቡ ተማሪዎች ቤተሰቦች እና በመደበኛ ሂደት የተፈቀደላቸው አመልካቾች በፖስታ ወይም በኢሜይል ተነግሯቸዋል።
S1 - Landing Page - Closed - Body 4,!N/A!,!N/A!,!N/A!
S1 - Landing Page - Closed - Body 6,!N/A!,!N/A!,!N/A!
S1 - Disclaimer - Closed - Body 1,This is not an application for DC SUN Bucks.,Esta no es una aplicación para DC SUN Bucks.,ይህ ለDC SUN Bucks ለመመዝገብ የቀረበ ማመልከቻ አይደለም።
S1 - Disclaimer - Closed - Body 2,Enrollment in DC SUN Bucks is closed for Summer 2026. This tool will help you learn if your student was enrolled in DC SUN Bucks for Summer 2026.,La inscripción en DC SUN Bucks para el verano de 2026 ya cerró. Esta herramienta te ayudará a saber si tu estudiante fue inscrito en DC SUN Bucks para el verano de 2026.,በDC SUN Bucks የ2026 ለበጋ ወቅት የመመዝገብ ሂደትን ተዘግቷል። ይህ መሳሪያ ተማሪዎ በ2026 የበጋ ወቅት በDC SUN Bucks ተመዝግበው እንደነበር ለማወቅ ይረዳዎታል።
S1 - Disclaimer - Closed - Body 4,Using this tool will not affect enrollment in DC SUN Bucks or any other public benefits program. ,Usar esta herramienta no afectará la inscripción en DC SUN Bucks ni en ningún otro programa de beneficios públicos.,ይህንን መሳሪያ መጠቀም በDC SUN Bucks ወይም በሌላ የህዝብ   የእገዛ ጥቅማ-ጥቅሞች የመመዝገብ ሂደትን ላይ ተጽዕኖ አያሳድርም።
S1 - Personal Information - Closed - Title,Check if your student was enrolled in DC SUN Bucks for Summer 2026,Verifica si tu estudiante estuvo inscrito en DC SUN Bucks para el verano de 2026,ተማሪዎ ለ2026 የበጋ ወቅት በDC SUN Bucks ተመዝግበው እንደሆነ ያረጋግጡ።
S1 - Personal Information - Closed - Body,Please provide your student's information in the required fields below.,"Por favor, ingresa la información de tu estudiante en los campos obligatorios a continuación.",እባክዎን የተማሪዎን መረጃ በሚከተሉት የተፈለጉ ቦታዎች ያስገቡ።
S1 - Personal Information - Label First Name,Student’s first name,Primer nombre del estudiante,የተማሪው የመጀመሪያ ስም
S1 - Personal Information - Label Middle Name,Student’s middle name,Segundo nombre del estudiante,የተማሪው የአባት ስም
S1 - Personal Information - Label Last Name,Student’s last name,Primer apellido del estudiante,የተማሪው የአያት ስም
S1 - Confirm Personal Information - Closed - Body,!N/A!,!N/A!,!N/A!
S1 - Result - Apply for SEBT - Closed - Title,Your student was NOT enrolled in DC SUN Bucks for Summer 2026,Tu estudiante NO fue inscrito en DC SUN Bucks para el verano de 2026,የእርስዎ ተማሪ ለ2026 የበጋ ወቅት በDC SUN Bucks ውስጥ  አልተመዘገቡም::
S1 - Result - Apply for SEBT - Closed - Card 2 Body,To see if another student was enrolled tap “Check another student” and provide their information.,"Para verificar la inscripción de otro estudiante, toca “Verificar otro estudiante” e ingresa su información.",ሌላ ተማሪ ተመዝግበው እንደሆነ ለማየት  ለማረጋገጥ፣ “ሌላ ተማሪን ተመልከት” የሚለውን በመጫን  መረጃቸውን ያቅርቡ።
S1 - Result - Streamlined Enrolled - Closed - Title,Looks like your student was enrolled in DC SUN Bucks for Summer 2026,Parece que tu estudiante fue inscrito en DC SUN Bucks para el verano de 2026,ተማሪዎ ለ2026 የበጋ ወቅት በDC SUN Bucks የተመዘገቡ ይመስላል
S1 - Result - Streamlined Enrolled - Closed - Body,"Most students received their Summer 2026 DC SUN Bucks in June 2026. If you were approved for benefits later in the summer, your benefits arrived later. Benefits expire 122 days after issuance.","La mayoría de los estudiantes recibieron sus beneficios de DC SUN Bucks para el verano de 2026 en junio de 2026. Si se aprobaron tus beneficios más adelante durante el verano, también los recibiste más tarde. Los beneficios vencen 122 días después de la fecha de emisión",የሚበዙ ተማሪዎች የበጋ ወቅት የ2026 የDC SUN Bucks  ጥቅማጥቅሞች በሰኔ 2026 አግኝተዋል። ከበጋው ወቅት ከኃላ ጥቅማጥቅሞች ለማግኘት የተፈቀደላቹ ከሆነ ጥቅማጥቅሞቹ በኃላ ደርሰዋል።  ። ጥቅማ-ጥቅሞች ከተሰጠበት ቀን ጀምሮ  በ122 ቀናት ውስጥ ጊዜያቸው ያልፋል።
S1 - Result - Streamlined Enrolled - Closed - Alert Title,Check the DC SUN Bucks Portal to see where your student’s summer food benefits were sent and when they expire.,Revisa el portal de DC SUN Bucks para ver a dónde se enviaron los beneficios de alimentos de verano de tu estudiante y cuándo vencen.,የተማሪዎ የበጋ የምግብ ጥቅማ-ጥቅሞች የት እንደተላኩ እና መቼ የአገልግሎት ጊዜያቸው እንደሚያልፍ ለመመርመር እባክዎ፣ የDC SUN Bucks ፖርታልን ይመልከቱ።
S1 - Result - Streamlined Enrolled - Closed - Alert Body,"If they received a DC SUN Bucks card for a previous summer or your family participates in SNAP or TANF, we may have issued their one-time $120 payment to the same EBT card.

If your student was new to DC SUN Bucks, or their previous DC SUN Bucks card needed to be replaced, we mailed a new card to the address we had on file. 

To check the mailing address we had on file, log in to the DC SUN Bucks Portal","Si tu estudiante recibió una tarjeta de DC SUN Bucks durante un verano anterior o tu familia participa en SNAP o TANF, es posible que hayamos depositado el pago único de $120 en la misma tarjeta EBT.

Si tu estudiante recibió DC SUN Bucks por primera vez o necesitaba reemplazar su tarjeta anterior, enviamos una tarjeta nueva a la dirección postal que teníamos registrada.

Para revisar la dirección postal que teníamos registrada, entra al portal de DC SUN Bucks","በቀድሞ የበጋ  ወቅት የDC SUN Bucks ካርድ ከተቀበሉ ወይም ቤተሰቦቻችሁ በSNAP ወይም TANF ፕሮግራም ውስጥ ከተሳተፈ፣ አንድ ጊዜ የሚሰጠውን $120ዶላር  ክፍያቸውን በተመሳሳይ የEBT ካርድ ላይ ሰጥተን ይሆናል ።

ተማሪዎ ለDC SUN Bucks አዲስ ከሆኑ፣ ወይም የቀድሞ የDC SUN Bucks ካርዳቸውን መተካት ካስፈለገ፣ በፋይላችን ውስጥ ወዳለው የፖስታ የመላኪያ አድራሻ አዲስ ካርድ በፖስታ እንልካለን።

በፋይላችን ላይ ያለንን የፖስታ የመላኪያ አድራሻ ለማረጋገጥ፣  እባክዎ  ወደ DC SUN Bucks ፖርታል ይግቡ"
S1 - Result - Streamlined Enrolled - Closed - Alert Action,"To check the mailing address we had on file, log in to the DC SUN Bucks Portal","Para revisar la dirección postal que teníamos registrada, entra al portal de DC SUN Bucks",በፋይላችን ላይ ያለንን የፖስታ የመላኪያ አድራሻ ለማረጋገጥ፣  እባክዎ  ወደ DC SUN Bucks ፖርታል ይግቡ
S1 - Result - Apply for SEBT - Closed - Body 1,!N/A!,!N/A!,!N/A!
S1 - Result - Apply for SEBT - Closed - Body 3,!N/A!,!N/A!,!N/A!
S1 - Result - Apply for SEBT - Closed - Body 4,!N/A!,!N/A!,!N/A!
S1 - Result - No Results - Closed - Body 4,!N/A!,!N/A!,!N/A!
S1 - Result - Streamlined Enrolled - Closed - Body 1,!N/A!,!N/A!,!N/A!
S1 - Result - Streamlined Enrolled - Closed - Body 2,!N/A!,!N/A!,!N/A!
S1 - Result - Apply for SEBT - Closed - Action Apply,!N/A!,!N/A!,!N/A!
S2 - Portal Dashboard - Alert Title Expungement,Summer 2026 DC SUN Bucks were issued beginning in June 2026 and expire 122 days after issuance,Los beneficios de DC SUN Bucks del verano de 2026 se emitieron a partir de junio de 2026 y vencen 122 días después de la fecha de emisión.,የ2026 የSUN Bucks ጥቅማ-ጥቅሞች የተሰጡት ከጁን 2026 ጀምሮ ሲሆን ከተሰጡ በኋላ በ122 ቀናት ውስጥ ጊዜያቸው ያልፋል
S2 - Portal Dashboard - Alert Body Expungement,Check each enrolled student here to see when their benefits expire.,Revisa aquí a cada estudiante inscrito para saber cuándo vencen sus beneficios.,የእያንዳንዱ የተመዘገበ ልጅ ጥቅማጥቅሞች ጊዜያቸው መቼ እንደሚያልፍ ለማየት እዚህ ይመልከቱ።
S2 - Portal Dashboard - Closed - Section - Enrolled Children Body 1,The following students are enrolled in DC SUN Bucks.,Los siguientes estudiantes están inscritos en DC SUN Bucks.,የሚከተሉት ተማሪዎች በDC SUN Bucks ተመዝግበዋል።
S2 - Portal Dashboard - Profile Table - Expired - Status Enrolled Description,Your students got 2026 DC SUN Bucks. The benefits may have expired for some students.,Tus estudiantes recibieron DC SUN Bucks en 2026. Es posible que los beneficios de algunos de ellos ya hayan vencido.,የእርስዎ ተማሪዎች የ2026 የDC SUN Bucks ጥቅማጥቅሞችን አግኝተዋል። ጥቅማጥቅሞቹ ለአንዳንድ ተማሪዎች ጊዜ አልፎባቸው ሊሆን ይችላል።